date,éDñy,éDñy.1,ê¬êX,ê¬êX.1,èHìc,èHìc.1,ê∑â™,ê∑â™.1,éRå`,éRå`.1,êÂë‰,êÂë‰.1,ïüìá,ïüìá.1,êÖåÀ,êÖåÀ.1,êÁót,êÁót.1,âFìsã{,âFìsã{.1,Ç≥Ç¢ÇΩÇ‹,ìåãû,ìåãû.1,ëOã¥,ëOã¥.1,çbï{,çbï{.1,â°ïl,â°ïl.1,í∑ñÏ,í∑ñÏ.1,êVäÉ,êVäÉ.1,ê√â™,ê√â™.1,ïxéR,ïxéR.1,äÚïå,äÚïå.1,ñºå√âÆ,ñºå√âÆ.1,ã‡ëÚ,ã‡ëÚ.1,ïüà‰,ïüà‰.1,ëÂí√,í√,í√.1,ìﬁó«,ìﬁó«.1,òaâÃéR,òaâÃéR.1,ëÂç„,ëÂç„.1,ê_åÀ,ê_åÀ.1,ãûìs,ãûìs.1,íπéÊ,íπéÊ.1,â™éR,â™éR.1,èºç],èºç].1,çLìá,çLìá.1,éRå˚,éRå˚.1,èºéR,èºéR.1,çÇèº,çÇèº.1,ìøìá,ìøìá.1,çÇím,çÇím.1,ïüâ™,ïüâ™.1,ëÂï™,ëÂï™.1,ç≤âÍ,ç≤âÍ.1,åFñ{,åFñ{.1,í∑çË,í∑çË.1,ã{çË,ã{çË.1,é≠éôìá,é≠éôìá.1,ìﬂîe,ìﬂîe.1
2021/1/1,2.0,0,4.0,0,4.5,0,0.0,0,8.0,0,1.0,0,1.5,0,0,1,0,1,0,1,0.0,0,1,0,1,0,1,0,1,5.5,0,7.0,0,0,1,29.0,0,3.5,0,0.0,0,8.5,0,20.0,0,0.0,0,1,0,1,0.0,0,0,1,0.0,0,0.0,0,3.5,0,0.0,0,3.0,0,0.5,0,0.5,0,0.0,0,0,1,0.0,0,0,1,0.5,0,0.0,0,0.0,0,0.0,0,0.0,0,0,1,0.0,0,2.0,0
2021/1/2,5.5,0,7.5,0,0.0,0,0,1,1.5,0,0.0,0,0.0,0,0,1,0,1,0,1,0.0,0,1,0,1,0,1,0,1,0.0,0,12.5,0,0,1,49.5,0,0.0,0,0.0,0,22.0,0,28.5,0,0.0,0,1,0,1,0.0,0,0,1,0,1,0,1,3.0,0,0,1,2.5,0,0.0,0,0.0,0,0.0,0,0.0,0,0.0,0,0,1,0.5,0,0.0,0,0.0,0,0.0,0,0.0,0,0,1,0.0,0,0.0,0
2021/1/3,3.0,0,2.5,0,2.5,0,0.0,0,1.0,0,0,1,0.0,0,0,1,0,1,0,1,0.0,0,1,0,1,0,1,0,1,0.0,0,12.0,0,0,1,1.5,0,0.0,0,0.0,0,1.5,0,12.5,0,0.0,0,1,0,1,0,1,0,1,0,1,0,1,0.0,0,0,1,0.0,0,0,1,0,1,0,1,0,1,0,1,0,1,0,1,0,1,0,1,0,1,0,1,0,1,0,1,0.5,0
2021/1/4,0.5,0,6.5,0,0.5,0,0.5,0,3.5,0,0.0,0,0.0,0,0,1,0,1,0,1,0.0,0,1,0,1,0,1,0,1,0.0,0,9.0,0,0,1,18.5,0,0.0,0,0,1,11.0,0,5.5,0,0.0,0,1,0,1,0,1,0,1,0,1,0,1,0.0,0,0,1,0,1,0,1,0,1,0,1,0,1,0,1,0,1,0,1,0,1,0,1,0,1,0,1,0,1,0,1,3.0,0
2021/1/5,0,1,0.5,0,0.0,0,0.5,0,6.0,0,4.0,0,1.5,0,0,1,0,1,0,1,0.0,0,1,0,1,0,1,0,1,0,1,14.5,0,0,1,7.5,0,0.0,0,0.0,0,8.0,0,10.0,0,0.0,0,1,0,1,0,1,0,1,0,1,0,1,0.5,0,0,1,0.0,0,0.0,0,0.0,0,0,1,0,1,0,1,0.0,0,0,1,0,1,0,1,0.0,0,0.0,0,0.0,0,1.0,0,21.0,0
2021/1/6,0,1,0.0,0,0.0,0,0.0,0,0.0,0,0.0,0,1.0,0,0.0,0,0,1,0,1,0.0,0.0,0,0,1,0,1,0.0,0,0,1,2.5,0,0.0,0,4.5,0,0,1,0,1,7.5,0,9.0,0,0.0,0.0,0,0,1,0,1,0.0,0,0.0,0,0.0,0,1.5,0,0,1,0.0,0,0.0,0,0.0,0,0,1,0.0,0,0.0,0,0,1,0.0,0,0,1,0.0,0,0,1,0.0,0,0,1,0.0,0,0.5,0
2021/1/7,4.0,0,15.0,0,16.5,0,12.5,0,5.0,0,0.0,0,2.0,0,0.0,0,0,1,0,1,0.0,0,1,0,1,0,1,0,1,0.5,0,16.0,0,0.0,0,21.5,0,0.5,0,0.0,0,33.0,0,8.5,0,0.0,0.5,0,1.5,0,0.0,0,1.0,0,0.0,0,0.0,0,10.0,0,0.0,0,7.5,0,0.0,0,3.5,0,0.5,0,0.5,0,0.0,0,0.0,0,4.0,0,0.0,0,1.0,0,3.5,0,2.0,0,0.0,0,3.0,0,8.0,0
2021/1/8,10.5,0,17.0,0,3.0,0,0.0,0,2.0,0,0.0,0,1.0,0,0,1,0.0,0,0,1,0.0,0,1,0,1,0,1,0,1,1.5,0,20.5,0,0,1,65.0,0,0,1,0,1,16.5,0,48.5,0,0.0,0,1,0,1,0.0,0,0.0,0,0.0,0,0,1,0.0,0,0,1,8.5,0,0.0,0,1.5,0,0.0,0,0.0,0,0.0,0,0,1,1.0,0,0.0,0,4.0,0,0.0,0,6.5,0,0,1,0.0,0,1.5,0
2021/1/9,0.0,0,12.0,0,25.0,0,0.0,0,0.5,0,0,1,0,1,0,1,0.0,0,0,1,0.0,0,1,0,1,0,1,0,1,0.0,0,19.0,0,0,1,40.5,0,0,1,0,1,37.0,0,81.0,0,0.0,0,1,0,1,0.0,0,0,1,0,1,0,1,0.0,0,0.0,0,7.5,0,0.0,0,0.0,0,0.0,0,0,1,0.0,0,0,1,0.0,0,0.0,0,1.5,0,0.0,0,3.5,0,0,1,0.5,0,0.0,0
2021/1/10,0.0,0,13.5,0,4.5,0,0.0,0,0.0,0,0.0,0,0.0,0,0,1,0,1,0,1,0.0,0,1,0,1,0,1,0,1,0.0,0,5.5,0,0,1,8.5,0,1.5,0,0.0,0,18.5,0,29.0,0,0.0,0,1,0,1,0.0,0,0,1,0,1,0,1,14.0,0,0,1,7.5,0,0.0,0,0.5,0,0.0,0,0.0,0,0.0,0,0,1,0.5,0,0.0,0,0.5,0,0.0,0,1.0,0,0,1,0.0,0,3.5,0
2021/1/11,0.0,0,7.0,0,1.0,0,0.0,0,0.0,0,0,1,0,1,0,1,0,1,0,1,0.0,0,1,0,1,0,1,0,1,1.0,0,14.5,0,0,1,20.5,0,0.0,0,0.0,0,4.0,0,6.5,0,0.0,0,1,0,1,0.0,0,0,1,0,1,0,1,3.0,0,0.0,0,3.5,0,0.0,0,0.0,0,0,1,0,1,0,1,0.0,0,0.0,0,0.0,0,0.0,0,0.0,0,2.0,0,6.0,0,4.5,0,0.0,0
2021/1/12,1.0,0,2.5,0,7.5,0,1.0,0,1.0,0,3.0,0,2.5,0,1.5,0,2.0,0,0.5,0,0.0,0.0,0,0.0,0,3.0,0,0.5,0,0.5,0,9.5,0,4.0,0,1.5,0,0.0,0,1.5,0,10.0,0,8.5,0,1.0,0.5,0,3.5,0,7.0,0,3.5,0,3.0,0,2.0,0,0.0,0,0.0,0,2.0,0,0.0,0,0.0,0,6.5,0,2.0,0,5.5,0,4.5,0,7.5,0,0.0,0,1.5,0,1.5,0,2.0,0,1.5,0,3.0,0,4.0,0
2021/1/13,7.0,0,2.0,0,6.0,0,2.0,0,1.0,0,0.0,0,0.0,0,0,1,0,1,0,1,0.0,0,1,0,1,0,1,0,1,0.0,0,9.5,0,0,1,2.0,0,0,1,0,1,15.0,0,5.5,0,0.0,0,1,0,1,0,1,0,1,0,1,0,1,0.0,0,0,1,0.0,0,0.0,0,0.0,0,0.0,0,0,1,0,1,0,1,0.5,0,0.0,0,0.0,0,0.0,0,0.0,0,0,1,0.0,0,0,1
2021/1/14,5.0,0,8.5,0,7.5,0,11.5,0,1.5,0,0.0,0,0.0,0,0,1,0,1,0,1,0.0,0,1,0,1,0,1,0,1,0.0,0,4.5,0,0,1,0.5,0,0.0,0,0.0,0,4.5,0,0.0,0,0.0,0,1,0,1,0,1,0,1,0,1,0,1,0.0,0,0.0,0,0.0,0,0,1,0.0,0,0,1,0,1,0,1,0,1,0.0,0,0,1,0,1,0,1,0,1,0,1,0,1,0,1
2021/1/15,1.0,0,0.0,0,0,1,0,1,0,1,0,1,0,1,0.5,0,1.5,0,0.0,0,0.0,0.0,0,0,1,0,1,0,1,0,1,0.0,0,0,1,0,1,0,1,0,1,0,1,0,1,0.0,0,1,0,1,0.0,0,0,1,0,1,0,1,0,1,0,1,0,1,0,1,0,1,0,1,0,1,0,1,0,1,0.0,0,0.0,0,0.0,0,0,1,0.0,0,0,1,0.0,0,0.0,0
2021/1/16,11.5,0,5.5,0,12.0,0,5.0,0,1.0,0,0.0,0,0.0,0,0.0,0,0,1,0.0,0,0.0,0,1,2.0,0,0.0,0,0,1,11.0,0,11.5,0,0.0,0,35.5,0,0.5,0,0.0,0,37.0,0,17.0,0,1.0,0.5,0,1.5,0,0.0,0,0.5,0,0.0,0,3.0,0,27.0,0,3.0,0,13.0,0,1.0,0,0.0,0,0.0,0,0.0,0,0.0,0,0.5,0,0.0,0,0.0,0,1.0,0,3.5,0,5.0,0,0.0,0,0.5,0,4.5,0
2021/1/17,4.0,0,0.5,0,5.5,0,0.0,0,0.0,0,0,1,0,1,0.0,0,0,1,0,1,0.0,0,1,0,1,0,1,0,1,0,1,19.5,0,0,1,10.0,0,0.0,0,0.0,0,4.5,0,16.0,0,0.0,0.0,0,0.0,0,0,1,0.0,0,0,1,0.0,0,8.0,0,0,1,6.0,0,0.0,0,0.0,0,0,1,0,1,0,1,0,1,0.0,0,0.0,0,0,1,0,1,0.0,0,0,1,0,1,4.0,0
2021/1/18,1.0,0,1.0,0,3.0,0,7.5,0,4.5,0,0.0,0,0.0,0,0,1,0.0,0,0,1,0.0,0,1,0,1,0,1,0,1,0.0,0,35.0,0,0,1,28.0,0,0.0,0,0.0,0,44.5,0,20.0,0,0.0,0.0,0,0.0,0,0.0,0,0.0,0,0.5,0,0.0,0,5.0,0,0.0,0,18.5,0,0.0,0,4.0,0,1.5,0,0.0,0,0.0,0,0.0,0,0.5,0,0.0,0,0.0,0,0.0,0,0.0,0,0,1,0.0,0,0.0,0
2021/1/19,11.0,0,14.5,0,10.0,0,5.5,0,4.5,0,0.0,0,4.0,0,0,1,0,1,0,1,0.0,0,1,0,1,0,1,0,1,3.5,0,1.5,0,0,1,6.0,0,1.0,0,0.0,0,5.5,0,7.5,0,0.0,0.0,0,0.0,0,0.0,0,0.0,0,0.0,0,0.0,0,3.5,0,0.0,0,1.5,0,0.0,0,0.5,0,0,1,0.0,0,0.0,0,0,1,0,1,0.0,0,0,1,0,1,0,1,0,1,0,1,0,1
2021/1/20,0.0,0,3.5,0,1.5,0,0.0,0,0.0,0,0,1,0.0,0,0,1,0,1,0,1,0.0,0,1,0,1,0,1,0,1,0.0,0,0.0,0,0,1,0,1,0,1,0,1,0.0,0,0.5,0,0.0,0,1,0,1,0,1,0,1,0,1,0,1,0,1,0,1,0.0,0,0,1,0,1,0,1,0,1,0,1,0,1,0,1,0,1,0,1,0,1,0,1,0,1,0,1,0.0,0
2021/1/21,0.5,0,2.5,0,5.0,0,0.0,0,0,1,0,1,0,1,0,1,0,1,0,1,0.0,0,1,0,1,0,1,0,1,0,1,0,1,0,1,0,1,0,1,0,1,0,1,0,1,0.0,0,1,0,1,0,1,0,1,0,1,0,1,0,1,0,1,0,1,0.0,0,0.0,0,0,1,0,1,0,1,0.0,0,0.0,0,0.0,0,0.0,0,0.0,0,0.0,0,0.0,0,0.0,0,0.5,0
2021/1/22,0.0,0,9.5,0,7.0,0,0.5,0,0.0,0,0.0,0,0.0,0,0,1,0,1,0,1,0.0,0,1,0,1,0.0,0,0,1,0.0,0,10.0,0,0.0,0,5.0,0,0.5,0,0.5,0,4.5,0,3.5,0,7.0,3.0,0,9.5,0,0.0,0,7.0,0,6.5,0,6.0,0,5.0,0,4.5,0,8.5,0,4.0,0,11.0,0,1.5,0,1.0,0,0.0,0,1.5,0,2.5,0,0.0,0,0.5,0,0.0,0,0.0,0,0.0,0,0.5,0,27.5,0
2021/1/23,4.0,0,0.0,0,0,1,0,1,0,1,0,1,0,1,7.5,0,15.5,0,8.5,0,17.5,19.0,0,12.5,0,12.5,0,20.0,0,3.5,0,0,1,20.5,0,4.5,0,19.0,0,19.0,0,2.5,0,12.0,0,27.0,28.5,0,27.5,0,26.0,0,26.5,0,26.5,0,23.5,0,12.0,0,27.5,0,9.0,0,17.5,0,13.5,0,15.0,0,29.0,0,34.0,0,28.5,0,15.0,0,19.5,0,10.5,0,10.0,0,3.5,0,19.5,0,15.5,0,38.0,0
2021/1/24,0,1,0,1,0,1,0,1,0.0,0,0,1,0.0,0,5.5,0,10.0,0,9.0,0,12.0,13.0,0,13.0,0,13.0,0,13.5,0,10.5,0,0,1,7.5,0,9.5,0,13.5,0,10.5,0,4.5,0,5.0,0,15.5,11.0,0,13.0,0,11.0,0,12.0,0,7.5,0,10.5,0,8.0,0,12.0,0,1.0,0,8.5,0,5.5,0,5.5,0,6.5,0,12.5,0,10.5,0,6.0,0,5.0,0,5.0,0,6.0,0,3.5,0,2.0,0,4.0,0,0.0,0
2021/1/25,0.0,0,0,1,0,1,0,1,0,1,0,1,0,1,0,1,1.0,0,0,1,0.5,1.5,0,0,1,1.0,0,2.0,0,0.0,0,0,1,0.5,0,0.0,0,0,1,0,1,0.0,0,0,1,0.0,0,1,0.0,0,0,1,0.0,0,0.0,0,0.0,0,0,1,0,1,0,1,0,1,0.0,0,0,1,0,1,0,1,0,1,0,1,0,1,0,1,0,1,0,1,0,1,0,1,0.0,0
2021/1/26,0.5,0,0.0,0,0.0,0,0,1,0.0,0,0.0,0,0,1,0.0,0,0.0,0,0.0,0,0.0,0,1,0,1,0.5,0,0.0,0,0.0,0,0.0,0,2.5,0,0.5,0,11.5,0,8.0,0,9.5,0,11.5,0,7.0,11.5,0,6.5,0,3.0,0,7.5,0,8.0,0,7.5,0,14.0,0,11.0,0,18.5,0,19.0,0,23.5,0,6.0,0,6.5,0,13.0,0,30.5,0,7.0,0,4.0,0,7.5,0,1.0,0,3.0,0,8.0,0,13.0,0,0.0,0
2021/1/27,1.5,0,1.5,0,8.0,0,2.0,0,4.0,0,0.5,0,4.5,0,1.5,0,3.0,0,0.5,0,0.5,1.0,0,0.0,0,3.0,0,5.0,0,1.0,0,6.5,0,24.0,0,13.5,0,14.0,0,15.0,0,20.0,0,12.0,0,6.5,8.5,0,7.5,0,4.0,0,6.5,0,2.0,0,2.5,0,0.5,0,0,1,1.0,0,0,1,0.0,0,0,1,0,1,0.0,0,0,1,0.0,0,0.0,0,0.0,0,0.0,0,0.0,0,4.5,0,0.0,0,0.0,0
2021/1/28,0.0,0,0,1,0.0,0,5.5,0,0.0,0,0.0,0,0.0,0,4.5,0,8.0,0,0.0,0,6.5,9.0,0,0,1,0.0,0,5.5,0,0.0,0,0.0,0,5.5,0,0.0,0,0.0,0,0.0,0,3.5,0,4.0,0,0.0,0.0,0,0.0,0,0,1,0.0,0,0,1,0.0,0,2.5,0,0.0,0,4.0,0,0.0,0,0.0,0,0.0,0,0.5,0,0,1,0.0,0,0.0,0,0.0,0,0.0,0,0.0,0,0.0,0,0.0,0,0.0,0,0.0,0
2021/1/29,12.5,0,2.5,0,14.0,0,21.5,0,11.5,0,1.0,0,0.5,0,0.0,0,0,1,1.0,0,0.0,0,1,0.0,0,0.0,0,0,1,0.5,0,4.0,0,0.0,0,26.5,0,8.5,0,1.5,0,9.0,0,,0,0.0,0.0,0,0.0,0,0.0,0,0.0,0,0.5,0,0.5,0,16.5,0,0.0,0,2.5,0,0.0,0,0.0,0,0.0,0,0.5,0,0.0,0,0.0,0,0.0,0,0,1,0.0,0,0.0,0,0.0,0,0,1,0.0,0,0.0,0
2021/1/30,4.5,0,5.0,0,2.5,0,2.0,0,12.5,0,0.0,0,4.0,0,0,1,0,1,0,1,0.0,0,1,0,1,0,1,0,1,0.0,0,2.5,0,0,1,7.0,0,0.0,0,0.5,0,6.0,0,,0,0.0,0.0,0,0,1,0.0,0,0,1,0,1,0.0,0,7.5,0,0.0,0,1.0,0,0.0,0,0.0,0,0,1,0,1,0,1,0,1,0.0,0,0,1,0.0,0,0,1,0.0,0,0,1,0,1,0,1
2021/1/31,0.0,0,2.0,0,0.0,0,0.0,0,1.0,0,0.0,0,2.0,0,0,1,0,1,0,1,0.0,0,1,0,1,0,1,0,1,0.5,0,0.5,0,0,1,1.5,0,0.5,0,0.0,0,0.5,0,,0,0.0,0.0,0,0.0,0,0,1,0.0,0,0.0,0,0.0,0,0.0,0,0,1,0.0,0,0,1,0,1,0,1,0.0,0,0.0,0,0,1,0,1,0,1,0,1,0.0,0,0.0,0,0,1,0,1,0,1
2021/2/1,2.0,0,0.0,0,3.5,0,0.0,0,0.0,0,0,1,0.0,0,0.0,0,0.0,0,0,1,0.0,0.0,0,0,1,0.5,0,0.0,0,0.0,0,9.5,0,1.5,0,4.0,0,5.0,0,0.0,0,6.5,0,,0,7.0,0.0,0,4.0,0,3.0,0,11.0,0,1.0,0,7.5,0,2.5,0,1.5,0,12.0,0,12.5,0,27.5,0,6.5,0,0.0,0,0,1,1.0,0,24.0,0,3.0,0,27.0,0,33.0,0,14.0,0,0.0,0,3.0,0,0.0,0
2021/2/2,1.0,0,9.5,0,25.5,0,3.0,0,0.0,0,0.0,0,0.0,0,9.0,0,19.5,0,0.0,0,2.0,12.0,0,2.5,0,5.5,0,7.0,0,6.5,0,12.5,0,42.0,0,27.5,0,9.5,0,11.5,0,31.0,0,31.5,0,19.0,7.5,0,16.5,0,3.0,0,8.0,0,4.5,0,11.0,0,4.0,0,5.0,0,2.0,0,0.5,0,1.5,0,14.0,0,5.5,0,2.0,0,1.5,0,2.0,0,2.0,0,3.5,0,6.5,0,5.5,0,3.5,0,10.5,0,2.0,0
2021/2/3,1.0,0,5.0,0,6.0,0,0.0,0,1.5,0,0.0,0,0.5,0,0,1,0,1,0,1,0.0,0,1,0,1,0,1,0,1,0.0,0,14.0,0,0,1,10.0,0,0.0,0,0.0,0,3.0,0,16.5,0,0.0,0,1,0,1,0,1,0,1,0,1,0.0,0,6.5,0,0,1,0.0,0,0,1,0,1,0,1,0,1,0,1,0,1,0.0,0,0,1,0,1,0,1,0,1,0,1,0,1,0,1
2021/2/4,0.5,0,5.5,0,13.0,0,6.0,0,11.5,0,4.0,0,4.5,0,0,1,0,1,0,1,0.0,0,1,0,1,0,1,0,1,0.0,0,10.5,0,0,1,8.5,0,0.0,0,0.0,0,4.5,0,5.0,0,0.0,0.0,0,0.0,0,0,1,0.0,0,0.0,0,0.0,0,0.0,0,0.0,0,5.5,0,1.0,0,3.0,0,0.0,0,0.0,0,0.0,0,0,1,0.0,0,0,1,0.5,0,0.0,0,0.0,0,0,1,0,1,0,1
2021/2/5,1.0,0,2.5,0,3.5,0,0.5,0,2.5,0,0.0,0,1.5,0,0,1,0,1,0,1,0.0,0,1,0,1,0,1,0,1,0.0,0,1.0,0,0,1,2.0,0,0,1,0,1,1.0,0,1.5,0,0.0,0,1,0,1,0,1,0,1,0,1,0,1,0,1,0,1,0,1,0,1,0,1,0,1,0,1,0,1,0,1,0.0,0,0.0,0,0.0,0,0.0,0,0.5,0,0.0,0,0.0,0,0,1
2021/2/6,3.0,0,2.0,0,7.5,0,1.5,0,0.0,0,0.0,0,0.0,0,0,1,0,1,0,1,0.0,0,1,0,1,0,1,0,1,0,1,0.5,0,0,1,0,1,0.0,0,0,1,0.0,0,0.0,0,0.0,0,1,0.0,0,0,1,0,1,0,1,0,1,0,1,0,1,0,1,0,1,0,1,0.5,0,0,1,0,1,0.0,0,1.5,0,5.0,0,3.0,0,5.0,0,3.5,0,8.5,0,11.0,0,0,1
2021/2/7,6.0,0,2.0,0,6.0,0,2.0,0,6.0,0,0.0,0,0.0,0,0,1,0,1,0,1,0.0,0.0,0,0.0,0,0,1,0,1,0.0,0,1.5,0,0,1,2.0,0,0.0,0,0.0,0,2.0,0,3.0,0,0.0,0.0,0,0.0,0,0,1,0.0,0,0.0,0,0.0,0,4.0,0,0.0,0,2.5,0,0,1,0,1,0,1,0,1,0,1,0,1,0,1,0,1,0,1,0,1,0,1,0,1,0,1,0,1
2021/2/8,3.0,0,3.5,0,3.5,0,0.0,0,5.0,0,0.0,0,2.5,0,0,1,0,1,0,1,0.0,0,1,0,1,0,1,0.0,0,1.5,0,2.5,0,0,1,11.5,0,0.0,0,0.0,0,15.0,0,8.5,0,0.0,0.0,0,0.5,0,0.0,0,0.0,0,0.0,0,0.0,0,19.5,0,0.0,0,7.5,0,0.0,0,0,1,0.0,0,0.0,0,0.0,0,0.0,0,0,1,0,1,0,1,0,1,0,1,0,1,0,1,0.0,0
2021/2/9,0.0,0,2.0,0,4.5,0,0.0,0,9.5,0,0.0,0,6.0,0,0,1,0,1,0,1,0.0,0,1,0,1,0,1,0,1,0.0,0,0.0,0,0,1,8.0,0,0,1,0,1,3.0,0,6.0,0,0.0,0.0,0,0.0,0,0.0,0,0.0,0,0.0,0,0.0,0,10.5,0,0.0,0,1.0,0,0.0,0,0,1,0,1,0,1,0,1,0,1,0,1,0,1,0,1,0,1,0,1,0,1,0,1,0,1
2021/2/10,0.5,0,0.0,0,1.5,0,0.0,0,2.0,0,0.0,0,0.0,0,0,1,0,1,0,1,0.0,0,1,0,1,0,1,0,1,0.0,0,3.5,0,0,1,1.5,0,0.0,0,0.0,0,1.5,0,1.0,0,0.0,0.0,0,0.0,0,0,1,0.0,0,0.0,0,0.0,0,0.0,0,0,1,0,1,0,1,0,1,0,1,0,1,0,1,0,1,0,1,0,1,0,1,0,1,0,1,0,1,0,1,9.0,0
2021/2/11,0.5,0,0.0,0,0.0,0,0.0,0,0.0,0,0.0,0,1.0,0,0,1,0,1,0,1,0.0,0,1,0.0,0,0,1,0,1,3.5,0,0.5,0,0,1,0.0,0,0.0,0,0.0,0,0.0,0,1.0,0,0.0,0.0,0,0,1,0,1,0,1,0,1,0,1,0,1,0,1,0,1,0,1,0,1,0,1,0,1,0,1,0,1,0,1,0,1,0,1,0,1,0,1,0,1,0,1,104.0,0
2021/2/12,0,1,0,1,0,1,0,1,0,1,0,1,0,1,0,1,0,1,0,1,0.0,0,1,0,1,0,1,0,1,0,1,0,1,0,1,0,1,0,1,0.0,0,0,1,0,1,0.0,0.0,0,0,1,0,1,0,1,0,1,0,1,0,1,0,1,0,1,0,1,0,1,0,1,0,1,0,1,0,1,0.0,0,0,1,0.0,0,0.0,0,0.0,0,2.0,0,0.0,0,0.0,0
2021/2/13,0,1,0,1,0,1,0,1,0,1,0,1,0,1,0,1,0,1,0,1,0.0,0,1,0,1,0,1,0,1,0,1,0,1,0,1,0,1,0,1,0,1,0,1,0,1,0.0,0,1,0,1,0.0,0,0,1,0,1,0,1,0,1,0,1,0,1,0.0,0,0.0,0,0.0,0,0.0,0,0.0,0,0.0,0,0.0,0,4.0,0,0.0,0,0.0,0,0.0,0,41.0,0,0.0,0,18.5,0
2021/2/14,0,1,0,1,0.0,0,0,1,0,1,0,1,0,1,0,1,0,1,0,1,0.0,0,1,0,1,0.0,0,0,1,0,1,0.0,0,0.0,0,0,1,0.5,0,0.0,0,0.0,0,0.0,0,0.0,0.0,0,0.0,0,0.0,0,0.0,0,0.5,0,0.0,0,1.0,0,6.5,0,3.5,0,15.0,0,25.0,0,3.5,0,5.5,0,1.0,0,16.5,0,20.0,0,6.5,0,34.5,0,0.5,0,10.0,0,50.5,0,22.5,0,11.0,0
2021/2/15,10.0,0,21.0,0,34.5,0,33.0,0,19.5,0,63.0,0,41.5,0,66.5,0,41.0,0,38.5,0,50.0,76.5,0,28.0,0,34.0,0,90.5,0,32.5,0,31.5,0,50.0,0,40.0,0,35.0,0,34.0,0,39.0,0,52.5,0,34.5,65.0,0,30.0,0,24.0,0,24.0,0,25.0,0,31.0,0,18.5,0,16.5,0,22.0,0,14.5,0,13.5,0,6.0,0,21.0,0,38.0,0,36.0,0,6.5,0,9.0,0,5.5,0,4.0,0,5.0,0,3.5,0,0.5,0,0.0,0
2021/2/16,10.5,0,1.0,0,0.5,0,3.0,0,5.0,0,2.5,0,0.5,0,0,1,0,1,0,1,0.0,0,1,0.0,0,0.0,0,0,1,2.5,0,3.0,0,0.0,0,25.5,0,1.0,0,0.0,0,9.5,0,7.5,0,0.0,0.0,0,0,1,0,1,0.0,0,0.0,0,0.0,0,1.5,0,0.0,0,5.0,0,0.0,0,2.0,0,0.0,0,0.0,0,0,1,0,1,3.5,0,0,1,0.0,0,0.0,0,0.5,0,0.0,0,0.0,0,0,1
2021/2/17,1.5,0,5.0,0,0.0,0,4.0,0,3.0,0,0.0,0,0.0,0,0,1,0,1,0,1,0.0,0.0,0,0.0,0,0,1,0,1,13.5,0,1.0,0,0.0,0,47.0,0,0.5,0,0,1,24.5,0,38.0,0,0.5,0.0,0,1.0,0,0.0,0,0.5,0,0.0,0,0.0,0,14.0,0,0.0,0,4.0,0,0.0,0,8.0,0,0.5,0,0.0,0,1.5,0,0.0,0,0.5,0,0.0,0,2.0,0,0.5,0,0.5,0,0.0,0,8.0,0,10.5,0
2021/2/18,14.0,0,3.0,0,3.0,0,0.0,0,4.5,0,0.5,0,0.0,0,0,1,0,1,0,1,0.0,0,1,0,1,0,1,0,1,0.5,0,0.0,0,0,1,20.0,0,7.0,0,0.5,0,4.0,0,12.0,0,0.0,0.0,0,0.0,0,0.0,0,0.0,0,0.0,0,0.0,0,30.5,0,0,1,12.5,0,0.0,0,0.5,0,0.0,0,0,1,0,1,0.0,0,1.0,0,0.0,0,2.0,0,0.0,0,3.5,0,0,1,3.5,0,0.0,0
2021/2/19,0.5,0,0.5,0,1.5,0,0.0,0,0.0,0,0.0,0,0.0,0,0,1,0,1,0,1,0.0,0,1,0,1,0,1,0,1,0.0,0,2.0,0,0,1,0.0,0,0,1,0,1,1.5,0,4.0,0,0.0,0.0,0,0,1,0.0,0,0.0,0,0,1,0.0,0,0.0,0,0,1,0.0,0,0,1,0,1,0,1,0,1,0,1,0,1,0,1,0,1,0,1,0,1,0,1,0,1,0,1,0.0,0
2021/2/20,2.0,0,5.5,0,2.0,0,3.0,0,3.5,0,2.0,0,0.0,0,0,1,0,1,0,1,0.0,0,1,0,1,0,1,0,1,0.0,0,1.0,0,0,1,0.5,0,0,1,0,1,0.0,0,1.0,0,0.0,0,1,0,1,0,1,0,1,0,1,0,1,0,1,0,1,0,1,0,1,0,1,0,1,0,1,0,1,0,1,0,1,0,1,0,1,0,1,0,1,0,1,0,1,0,1
2021/2/21,0,1,3.5,0,0.0,0,0.5,0,1.5,0,0.0,0,0.0,0,0,1,0,1,0,1,0.0,0,1,0,1,0,1,0,1,0.0,0,0,1,0,1,0,1,0,1,0,1,0,1,1.0,0,0.0,0,1,0,1,0,1,0,1,0,1,0,1,0,1,0,1,0,1,0,1,0,1,0,1,0,1,0,1,0,1,0,1,0,1,0,1,0,1,0,1,0,1,0,1,0,1
2021/2/22,0.5,0,6.0,0,0.0,0,3.0,0,1.0,0,2.0,0,0.0,0,0,1,0,1,0,1,0.0,0,1,0,1,0,1,0,1,0.0,0,1.5,0,0,1,7.0,0,0,1,0,1,0.5,0,1.0,0,0.0,0,1,0,1,0,1,0,1,0,1,0,1,1.5,0,0,1,0.0,0,0,1,0,1,0,1,0,1,0,1,0,1,0.0,0,0,1,0.0,0,0,1,0,1,0,1,0.0,0,0,1
2021/2/23,5.0,0,7.0,0,2.0,0,0.0,0,0.5,0,0.5,0,0.5,0,0,1,0,1,0,1,0.0,0,1,0,1,0.0,0,0,1,4.5,0,0.5,0,0.0,0,2.0,0,0.0,0,0.0,0,0.0,0,3.0,0,0.0,0,1,0,1,0,1,0,1,0,1,0.0,0,1.0,0,0,1,0.0,0,0.0,0,0,1,0,1,0,1,0,1,0,1,0,1,0,1,0,1,0,1,0,1,0,1,0,1,0,1
2021/2/24,1.0,0,6.0,0,2.5,0,0.0,0,0.5,0,0,1,1.0,0,0,1,0,1,0,1,0.0,0,1,0,1,0,1,0,1,0.0,0,0.0,0,0,1,0.0,0,0,1,0,1,0.5,0,0.0,0,0.0,0,1,0,1,0,1,0,1,0,1,0,1,0.0,0,0,1,0,1,0,1,0,1,0,1,0.0,0,0,1,0.0,0,0,1,0,1,0,1,0,1,0,1,0,1,0,1,0,1
2021/2/25,0,1,1.0,0,0.0,0,0,1,0.0,0,0,1,0,1,0.0,0,0,1,0,1,0.0,0,1,0,1,0,1,0,1,0,1,0,1,0,1,0,1,0,1,0,1,0,1,0,1,0.0,0,1,0,1,0,1,0,1,0,1,0,1,0.0,0,0,1,0.0,0,0.5,0,3.0,0,3.5,0,0.0,0,0,1,0.0,0,0.0,0,1.5,0,0.0,0,0,1,0,1,14.5,0,0.0,0,9.5,0
2021/2/26,10.0,0,5.5,0,5.0,0,0.5,0,0.0,0,0.0,0,0.0,0,0,1,0.0,0,0,1,0.0,0,1,0,1,0,1,0.0,0,0.0,0,0.5,0,3.0,0,1.5,0,0.0,0,0.5,0,0.0,0,0.0,0,4.0,0.5,0,0.5,0,2.5,0,1.5,0,3.0,0,4.5,0,2.0,0,8.5,0,5.5,0,12.0,0,15.5,0,34.5,0,17.5,0,13.5,0,27.0,0,20.5,0,34.5,0,16.0,0,17.5,0,15.0,0,29.5,0,27.5,0,30.0,0
2021/2/27,5.0,0,0.0,0,2.0,0,0.0,0,0.0,0,0.0,0,0.0,0,0,1,0,1,0,1,0.0,0,1,0,1,0,1,0,1,0.0,0,0.5,0,0,1,0.0,0,0,1,0,1,0,1,0,1,0.0,0,1,0,1,0,1,0,1,0,1,0,1,0,1,0,1,0.0,0,0,1,0,1,0,1,0,1,0,1,0,1,0,1,0,1,0,1,0,1,0,1,0,1,0.0,0,0.0,0
2021/2/28,0,1,0,1,0,1,0,1,0,1,0,1,0,1,0,1,0,1,0,1,0.0,0,1,0,1,0,1,0,1,0,1,0,1,0,1,0,1,0,1,0,1,0,1,0,1,0.0,0.0,0,0,1,0.0,0,0,1,0,1,0,1,0,1,0,1,0,1,0,1,0,1,0,1,0.0,0,0.0,0,0.0,0,0,1,0.5,0,0,1,0,1,0,1,3.5,0,0.0,0,0.0,0
2021/3/1,6.0,0,0.5,0,0.0,0,0,1,0,1,0,1,0,1,0,1,0,1,0,1,0.0,0.5,0,0,1,0,1,0.5,0,0,1,0,1,0,1,0,1,0.0,0,0.5,0,0,1,0,1,0.0,0.0,0,0,1,0,1,0,1,0,1,0,1,0.0,0,0.0,0,0.0,0,0.0,0,3.0,0,0.0,0,0,1,1.5,0,5.0,0,0.0,0,3.0,0,0.0,0,0.0,0,1.0,0,1.0,0,0.0,0,0.0,0
2021/3/2,32.0,0,17.5,0,19.0,0,10.0,0,1.5,0,0.5,0,2.5,0,14.5,0,9.5,0,26.5,0,17.0,9.5,0,7.0,0,3.5,0,14.5,0,21.0,0,16.0,0,33.5,0,24.0,0,26.0,0,20.5,0,33.5,0,27.5,0,33.0,7.0,0,26.5,0,28.5,0,34.5,0,17.5,0,34.5,0,39.5,0,20.5,0,27.0,0,41.5,0,25.0,0,27.5,0,16.0,0,16.0,0,48.0,0,33.0,0,8.0,0,23.5,0,30.5,0,27.5,0,2.5,0,9.0,0,0.5,0
2021/3/3,0.5,0,0.0,0,1.5,0,0,1,0.0,0,0.0,0,0,1,0,1,0,1,0,1,0.0,0,1,0,1,0,1,0.0,0,0.0,0,0.0,0,0.0,0,0.0,0,0,1,0,1,0,1,0.0,0,0.0,0.0,0,0,1,0.0,0,0.0,0,0.0,0,0.0,0,0.0,0,0,1,0.0,0,0,1,0,1,0,1,0,1,0,1,0.0,0,0.0,0,0.0,0,0,1,0,1,0,1,0,1,0,1,0,1
2021/3/4,0,1,0,1,0,1,0,1,0,1,0,1,0,1,0,1,0,1,0.0,0,0.0,0,1,0,1,0,1,0.0,0,0,1,0,1,0.0,0,0,1,0.0,0,0.0,0,0,1,0,1,0.0,4.5,0,0.0,0,0.0,0,0.0,0,0,1,0,1,0.0,0,1.5,0,1.0,0,2.0,0,3.5,0,0.0,0,0.0,0,0.0,0,0.5,0,3.0,0,27.0,0,5.0,0,4.0,0,7.0,0,44.0,0,12.5,0,12.5,0
2021/3/5,0.0,0,0.0,0,0.0,0,0.0,0,0.0,0,0.0,0,0.0,0,3.0,0,1.0,0,1.0,0,1.0,2.0,0,0.0,0,3.5,0,2.5,0,0.5,0,0.0,0,8.5,0,1.5,0,18.0,0,14.5,0,2.0,0,11.5,0,16.5,25.5,0,6.5,0,1.5,0,8.5,0,6.5,0,10.0,0,12.5,0,2.5,0,33.5,0,8.5,0,23.0,0,0.5,0,2.0,0,1.0,0,19.5,0,13.5,0,38.5,0,14.0,0,2.5,0,6.0,0,22.5,0,4.0,0,0.0,0
2021/3/6,5.5,0,1.5,0,5.0,0,0.5,0,0.0,0,0.0,0,0,1,0.0,0,1.0,0,0,1,0.5,0.5,0,0,1,0.0,0,2.0,0,0.0,0,5.5,0,1.5,0,9.0,0,0.5,0,0.0,0,4.5,0,1.5,0,1.0,1.0,0,1.0,0,0.0,0,0.0,0,0.0,0,0.5,0,0.0,0,0.0,0,0.5,0,0,1,0,1,0.0,0,0,1,0.0,0,0.0,0,0.0,0,0.0,0,0,1,0,1,0,1,0.0,0,0.0,0,4.5,0
2021/3/7,0.0,0,0.0,0,0.0,0,0,1,0,1,0,1,0,1,0,1,0,1,0,1,0.0,0,1,0.0,0,0.0,0,0.0,0,0,1,0,1,0.0,0,0.0,0,0.0,0,0.0,0,0.0,0,0.0,0,0.0,0.0,0,0.0,0,2.0,0,0.0,0,0.0,0,0.0,0,0.0,0,0,1,0.0,0,0.0,0,0,1,0.0,0,0,1,0.0,0,0.0,0,0,1,0.0,0,0.5,0,2.5,0,4.0,0,4.0,0,15.5,0,14.5,0
2021/3/8,0.5,0,0.0,0,0.0,0,0,1,0,1,0,1,0,1,0.0,0,10.5,0,0.0,0,1.0,5.5,0,0.0,0,0.5,0,4.0,0,0,1,0,1,3.0,0,0.0,0,0.0,0,6.5,0,0.0,0,0,1,0.5,8.0,0,4.5,0,5.5,0,2.5,0,1.0,0,0.0,0,0.0,0,0,1,0.0,0,0,1,0,1,0.0,0,0.0,0,1.0,0,0.0,0,0,1,0.0,0,0,1,0.0,0,0.0,0,0.0,0,0.0,0,0.0,0
2021/3/9,0.0,0,0,1,0,1,0,1,0,1,0,1,0,1,0.0,0,0.0,0,0,1,0.0,0.0,0,0.0,0,0,1,0.5,0,0,1,0,1,0,1,0,1,0,1,0,1,0,1,0,1,0.0,0,1,0,1,0,1,0,1,0.0,0,0,1,0,1,0,1,0,1,0,1,0,1,0,1,0,1,0,1,0.0,0,0,1,0,1,0,1,0,1,0,1,0.0,0,0.0,0,0.0,0
2021/3/10,4.5,0,5.5,0,1.5,0,0.5,0,0.0,0,0.0,0,0.0,0,0,1,0,1,0,1,0.0,0,1,0,1,0,1,0,1,0,1,0.0,0,0,1,0.0,0,0,1,0,1,0.0,0,0.0,0,0.0,0,1,0,1,0,1,0,1,0.0,0,0,1,0.0,0,0,1,0.0,0,0,1,0,1,0,1,0,1,0,1,0,1,0,1,0,1,0,1,0,1,0,1,0,1,0,1,0.0,0
2021/3/11,0.0,0,0,1,0.0,0,0,1,0,1,0,1,0,1,0,1,0,1,0,1,0.0,0,1,0,1,0,1,0,1,0,1,0,1,0,1,0,1,0,1,0,1,0,1,0,1,0.0,0,1,0,1,0,1,0,1,0,1,0,1,0,1,0,1,0,1,0,1,0,1,0,1,0,1,0,1,0,1,0.0,0,0,1,0.0,0,0,1,0,1,0,1,0,1,0.0,0
2021/3/12,0.0,0,0.0,0,0,1,0,1,0,1,0,1,0,1,0,1,0.5,0,0,1,2.5,0.0,0,0,1,0.5,0,0.0,0,0.0,0,0,1,6.0,0,4.0,0,23.5,0,28.5,0,8.0,0,7.5,0,12.0,33.5,0,5.0,0,6.0,0,12.0,0,13.5,0,10.5,0,19.0,0,14.0,0,13.5,0,19.0,0,18.5,0,18.5,0,15.0,0,29.5,0,33.0,0,6.5,0,7.5,0,5.5,0,6.5,0,9.5,0,2.0,0,0.0,0,2.5,0
2021/3/13,0,1,2.0,0,7.0,0,0.5,0,19.5,0,69.5,0,30.5,0,47.5,0,64.5,0,47.5,0,55.5,65.0,0,39.0,0,41.5,0,85.0,0,4.5,0,15.0,0,34.0,0,21.0,0,28.0,0,51.5,0,21.0,0,39.5,0,18.0,34.5,0,16.0,0,20.5,0,11.5,0,13.0,0,27.0,0,11.5,0,6.0,0,6.0,0,0.5,0,0.0,0,3.0,0,9.0,0,8.0,0,0.0,0,1.0,0,0.5,0,0.0,0,0.0,0,0.0,0,0,1,0.0,0,0.0,0
2021/3/14,0.0,0,20.0,0,38.0,0,2.5,0,12.5,0,13.0,0,0.0,0,0,1,0,1,0,1,0.0,0,1,0,1,0,1,0,1,0.0,0,4.5,0,0,1,3.0,0,0.0,0,0,1,0.0,0,0.0,0,0.0,0.0,0,0,1,0,1,0,1,0,1,0,1,0,1,0,1,0,1,0.5,0,0.5,0,0.0,0,0,1,0,1,0,1,0.0,0,0.0,0,0.0,0,0,1,0,1,0,1,0,1,0.0,0
2021/3/15,0,1,0,1,0,1,0.0,0,0.0,0,0.0,0,0.0,0,0,1,0,1,0,1,0.0,0,1,0,1,0,1,0,1,0,1,0.0,0,0,1,0.0,0,0,1,0,1,0,1,0,1,0.0,0,1,0,1,0,1,0,1,0.0,0,0,1,0,1,0.0,0,0,1,0,1,0,1,0,1,0,1,0,1,0,1,0,1,0,1,0,1,0,1,0,1,0,1,0,1,0.0,0
2021/3/16,0.0,0,1.5,0,8.5,0,2.5,0,3.5,0,0.0,0,0.0,0,0,1,0,1,0,1,0.0,0,1,0,1,0.0,0,0,1,0.0,0,8.0,0,0.0,0,2.5,0,0.0,0,0.0,0,3.5,0,5.5,0,0.5,0.0,0,0.0,0,1.0,0,0.0,0,0.0,0,0.0,0,2.0,0,0.0,0,6.0,0,0.0,0,3.0,0,0.5,0,1.0,0,0.0,0,0.0,0,2.5,0,0.0,0,8.0,0,13.5,0,16.0,0,0.0,0,1.5,0,0,1
2021/3/17,2.0,0,1.5,0,0.0,0,0.0,0,0.0,0,0,1,0,1,0,1,0,1,0,1,0.0,0,1,0,1,0,1,0,1,0.0,0,0.0,0,0,1,0.0,0,0,1,0,1,0,1,0,1,0.0,0,1,0,1,0.0,0,0,1,0.0,0,0,1,0,1,0,1,0,1,0,1,0,1,0.0,0,0.0,0,0.5,0,0,1,0,1,0.0,0,0,1,0.0,0,0,1,0.0,0,6.5,0,0,1
2021/3/18,3.0,0,0.0,0,0.0,0,0,1,0,1,0,1,0,1,0,1,0,1,0,1,0.0,0,1,0,1,0,1,0,1,0,1,0.0,0,0,1,0,1,0,1,0,1,0,1,0,1,0.0,0,1,0,1,0,1,0,1,0,1,0,1,0,1,0,1,0,1,0,1,0,1,0,1,0,1,0,1,0,1,0,1,0,1,0,1,0,1,0,1,0.0,0,0.0,0,0,1
2021/3/19,4.0,0,0.0,0,0.0,0,0,1,0,1,0,1,0,1,0,1,0,1,0,1,0.0,0,1,0,1,0,1,0,1,0,1,0,1,0,1,0,1,0,1,0,1,0,1,0,1,0.0,0,1,0,1,0,1,0,1,0,1,0,1,0,1,0.0,0,0,1,0,1,0,1,0,1,0,1,0,1,0,1,0,1,0,1,0,1,0.0,0,0,1,0.0,0,0.0,0,0,1
2021/3/20,0.0,0,0.0,0,0.0,0,2.0,0,0.5,0,1.0,0,1.0,0,0.5,0,0,1,1.5,0,0.0,0.0,0,1.5,0,0.0,0,0,1,2.0,0,0.5,0,0.0,0,6.0,0,13.5,0,2.0,0,7.5,0,8.5,0,0.0,5.0,0,0.5,0,2.5,0,0.0,0,2.0,0,0.0,0,1.5,0,0.5,0,10.0,0,15.5,0,18.5,0,8.5,0,1.0,0,15.0,0,88.0,0,17.5,0,5.5,0,22.0,0,10.0,0,11.0,0,37.0,0,70.0,0,0,1
2021/3/21,10.0,0,32.0,0,53.5,0,38.5,0,5.5,0,6.0,0,15.0,0,24.0,0,10.0,0,50.5,0,25.5,46.5,0,9.0,0,28.0,0,42.0,0,19.0,0,19.0,0,135.5,0,12.5,0,38.0,0,27.5,0,27.5,0,31.0,0,41.0,20.5,0,27.0,0,30.0,0,48.0,0,28.5,0,51.5,0,28.0,0,4.0,0,13.5,0,12.5,0,16.5,0,5.0,0,2.0,0,26.0,0,30.5,0,18.0,0,0.5,0,2.5,0,3.0,0,1.0,0,0,1,0.0,0,1.5,0
2021/3/22,1.5,0,0.5,0,4.5,0,2.0,0,0.5,0,0.0,0,0.0,0,2.0,0,1.0,0,1.0,0,0.0,0.5,0,0.0,0,0.0,0,0.0,0,0.0,0,0.0,0,0.0,0,1.5,0,0.0,0,0,1,4.0,0,6.0,0,0.0,0.0,0,0.5,0,0.0,0,1.5,0,0.5,0,0.0,0,11.5,0,1.0,0,6.0,0,0.5,0,0.0,0,0.0,0,0.0,0,0.0,0,0.0,0,0,1,0,1,0,1,0,1,0.0,0,0,1,0,1,0.0,0
2021/3/23,0.5,0,0.0,0,0.0,0,0.0,0,0.0,0,0.0,0,0.0,0,0,1,0,1,0,1,0.0,0.0,0,0,1,0,1,0,1,0,1,0.5,0,0,1,0.0,0,0,1,0,1,0.0,0,0,1,0.0,0,1,0,1,0.0,0,0,1,0,1,0,1,0,1,0,1,0,1,0,1,0,1,0,1,0,1,0,1,0,1,0,1,0,1,0,1,0,1,0,1,0,1,0,1,0,1
2021/3/24,0,1,0,1,0,1,0,1,0,1,0,1,0,1,0,1,0,1,0,1,0.0,0,1,0,1,0,1,0,1,0,1,0,1,0,1,0,1,0,1,0,1,0,1,0,1,0.0,0,1,0,1,0,1,0,1,0,1,0,1,0,1,0.0,0,0,1,0,1,0,1,0,1,0,1,0,1,0,1,0,1,0,1,0.0,0,0,1,0.0,0,0,1,0.5,0,12.0,0
2021/3/25,0.0,0,6.5,0,3.5,0,0.0,0,0.0,0,2.0,0,0.5,0,0.0,0,2.0,0,0,1,0.0,0.5,0,0.0,0,0,1,0.0,0,0.0,0,0.0,0,0.0,0,0.0,0,0.5,0,1.5,0,0.0,0,1.5,0,1.0,2.0,0,2.5,0,0.5,0,0.5,0,0.5,0,1.0,0,0.0,0,1.0,0,0,1,0.0,0,0,1,4.0,0,2.0,0,0.5,0,1.5,0,0,1,0.0,0,0.0,0,0.0,0,0.0,0,4.0,0,4.0,0,1.5,0
2021/3/26,5.5,0,0.0,0,0.0,0,0.0,0,0.0,0,0,1,0.0,0,0.0,0,0.0,0,0,1,0.0,0,1,0,1,0,1,0.0,0,2.5,0,6.5,0,0,1,5.5,0,0,1,0,1,0.0,0,0,1,0.0,0,1,0,1,0,1,0,1,0,1,0,1,0,1,0,1,0,1,0,1,0,1,0,1,0,1,0,1,0,1,0,1,0,1,0,1,0,1,0,1,0,1,0,1,0.0,0
2021/3/27,0,1,0,1,0,1,0,1,0,1,0,1,0,1,0,1,0,1,0,1,0.0,0,1,0,1,0,1,0,1,0,1,0,1,0.0,0,0,1,0,1,0,1,0,1,0,1,0.0,0.0,0,0,1,0,1,0,1,0,1,0,1,0.0,0,0.0,0,0.0,0,0.0,0,0.0,0,0.0,0,0.0,0,0,1,0.0,0,0.0,0,0.0,0,0.5,0,0.0,0,2.0,0,0.0,0,0.0,0,0.0,0
2021/3/28,0.5,0,8.5,0,11.5,0,24.0,0,4.0,0,10.0,0,5.0,0,10.0,0,2.0,0,16.0,0,0.5,8.0,0,5.5,0,9.5,0,12.0,0,5.0,0,2.0,0,103.5,0,6.5,0,54.0,0,50.0,0,2.5,0,22.0,0,12.0,45.0,0,30.5,0,32.0,0,26.5,0,14.0,0,8.0,0,4.0,0,6.0,0,7.5,0,42.0,0,61.0,0,24.5,0,3.5,0,6.0,0,60.0,0,21.5,0,7.0,0,29.0,0,23.5,0,14.0,0,28.5,0,28.0,0,11.0,0
2021/3/29,3.5,0,0.5,0,2.0,0,3.5,0,0.0,0,5.0,0,4.5,0,39.5,0,27.5,0,31.0,0,28.0,34.5,0,10.0,0,15.0,0,56.0,0,0.0,0,0.0,0,73.5,0,0.0,0,0.0,0,0.5,0,0.0,0,0.0,0,0.0,0,1,0.0,0,0,1,0,1,0,1,0,1,0,1,0,1,0,1,0,1,0,1,0,1,0,1,0,1,0,1,0,1,0,1,0,1,0,1,0,1,0,1,0,1,0.0,0
2021/3/30,0.0,0,0,1,0,1,0,1,0.0,0,0.0,0,0.0,0,0,1,0,1,1.5,0,0.0,0,1,0.0,0,0,1,0,1,0,1,0,1,0,1,0,1,0,1,0,1,0,1,0,1,0.0,0.0,0,0.0,0,0.0,0,0,1,0.0,0,0,1,0,1,0,1,0,1,0,1,0,1,0,1,0.0,0,0.0,0,0.0,0,0,1,0,1,0,1,0,1,0,1,0.0,0,0.0,0,8.5,0
2021/3/31,0,1,0,1,0.0,0,0,1,0.0,0,0.5,0,0.5,0,0.0,0,0,1,0.0,0,0.0,0.0,0,0.0,0,0.0,0,0.0,0,0,1,0,1,0,1,0,1,0,1,0,1,0,1,0,1,0.0,0,1,0,1,0,1,0,1,0,1,0,1,0,1,0,1,0,1,0,1,0,1,0,1,0,1,0,1,0,1,0,1,0,1,0,1,0,1,0,1,0,1,0,1,0.5,0
2021/4/1,0,1,0,1,0.0,0,0,1,0,1,0,1,0,1,0,1,0,1,0.0,0,0.0,0.0,0,0,1,0,1,0.0,0,0,1,0,1,0,1,0,1,0,1,0,1,0,1,0,1,0.0,0,1,0,1,0,1,0,1,0,1,0,1,0,1,0,1,0,1,0,1,0,1,0,1,0,1,0,1,0,1,0,1,0,1,0,1,0,1,0,1,0.0,0,0.0,0,0.0,0
2021/4/2,0,1,0,1,0,1,0,1,0,1,0,1,0,1,0,1,0,1,0,1,0.0,0.0,0,0.0,0,0,1,0.0,0,0,1,0,1,0,1,0,1,0,1,0,1,0,1,0,1,0.0,0,1,0,1,0,1,0,1,0,1,0,1,0,1,0,1,0,1,0.0,0,0,1,0,1,0,1,0,1,0.0,0,0,1,0.0,0,0,1,0,1,0.0,0,5.5,0,1.5,0,17.0,0
2021/4/3,0.5,0,0,1,0,1,0,1,0.0,0,0,1,0,1,0,1,0,1,0,1,0.0,0,1,0.0,0,0,1,0,1,0,1,0,1,0,1,0,1,0.0,0,0.0,0,0,1,0,1,0.0,0.0,0,0,1,0,1,0,1,0,1,0.0,0,0,1,0.0,0,0,1,0,1,0.0,0,0,1,0,1,0.0,0,0.0,0,0.0,0,0.0,0,0.0,0,0,1,0,1,38.0,0,0.0,0,0.0,0
2021/4/4,5.0,0,24.5,0,22.5,0,10.5,0,3.5,0,3.0,0,0.0,0,3.5,0,38.5,0,2.0,0,3.5,10.5,0,1.5,0,3.0,0,19.0,0,0.0,0,10.0,0,22.5,0,20.0,0,33.0,0,23.5,0,49.0,0,22.5,0,21.0,18.0,0,26.5,0,27.0,0,25.5,0,21.5,0,17.0,0,22.5,0,14.0,0,18.5,0,31.5,0,20.5,0,18.0,0,14.5,0,6.5,0,34.5,0,9.0,0,3.0,0,11.0,0,6.0,0,5.5,0,4.5,0,4.5,0,0.0,0
2021/4/5,0,1,2.5,0,1.5,0,2.0,0,0.0,0,1.0,0,0.0,0,6.5,0,14.0,0,2.5,0,3.0,18.0,0,0.0,0,0.0,0,9.5,0,1.0,0,8.0,0,26.5,0,5.5,0,0,1,0,1,2.0,0,0.5,0,0.0,0,1,0.0,0,0.5,0,0.0,0,0.0,0,0.0,0,4.0,0,0,1,0.5,0,0.0,0,0,1,0.0,0,0,1,0.0,0,0,1,0,1,0.0,0,0,1,0,1,0,1,0.0,0,0,1,0,1
2021/4/6,0,1,0,1,0,1,0,1,0,1,0,1,0.0,0,0,1,0,1,0,1,0.0,0,1,0,1,0,1,0,1,0,1,0,1,0,1,0,1,1.0,0,7.0,0,0,1,0,1,7.5,11.0,0,4.5,0,5.5,0,4.0,0,1.5,0,6.5,0,0,1,0.0,0,0,1,0,1,0,1,0.0,0,0.0,0,1.5,0,2.0,0,0,1,0,1,0,1,0,1,0,1,0,1,0,1,0,1
2021/4/7,0.5,0,0.0,0,0.0,0,0,1,0,1,0,1,0,1,0,1,0,1,0,1,0.0,0.0,0,0.0,0,0,1,0,1,0,1,0.0,0,0.0,0,0,1,0.5,0,0.0,0,0,1,0,1,0.0,2.0,0,1.0,0,0,1,0.0,0,0,1,0,1,0,1,0,1,0,1,0,1,0,1,0,1,0,1,0,1,0,1,0,1,0,1,0,1,0,1,0,1,0,1,0,1,0,1
2021/4/8,0.0,0,0.0,0,0.0,0,0,1,0.0,0,0.0,0,0.5,0,9.5,0,0.5,0,4.0,0,3.0,2.5,0,0.0,0,0,1,0,1,0.0,0,0.0,0,0.0,0,0.0,0,0.0,0,0.0,0,0.0,0,0,1,0.0,0.0,0,0.0,0,0,1,0.0,0,0.0,0,0.5,0,0,1,0,1,0,1,0,1,0,1,0,1,0.0,0,0.0,0,0,1,0,1,0,1,0,1,0,1,0,1,0,1,0.0,0,0,1
2021/4/9,0.0,0,12.5,0,2.5,0,0.5,0,0.0,0,0.0,0,0.0,0,0.0,0,0.0,0,0.0,0,0.0,0.0,0,0,1,0,1,0.0,0,0.0,0,0.0,0,0,1,0.0,0,0,1,0,1,0.5,0,0.0,0,0.0,0,1,0,1,0,1,0,1,0,1,0,1,0,1,0,1,0,1,0,1,0,1,0,1,0,1,0,1,0,1,0,1,0,1,0,1,0,1,0,1,0,1,0,1,0.0,0
2021/4/10,0,1,0,1,0.5,0,0,1,0,1,0,1,0,1,0,1,0.0,0,0,1,0.0,0.0,0,0,1,0,1,0.0,0,0,1,0.0,0,0.0,0,0,1,0.0,0,0,1,0,1,0,1,0.0,0,1,0,1,0,1,0,1,0,1,0,1,0,1,0,1,0,1,0,1,0,1,0,1,0,1,0,1,0,1,0,1,0,1,0,1,0,1,0,1,0,1,0,1,0.0,0
2021/4/11,0,1,0,1,0,1,0,1,0,1,0,1,0,1,0,1,0,1,0,1,0.0,0,1,0,1,0,1,0,1,0,1,0,1,0,1,0,1,0,1,0,1,0,1,0,1,0.0,0,1,0,1,0,1,0,1,0,1,0,1,0,1,0,1,0,1,0,1,0,1,0,1,0,1,0,1,0,1,0,1,0,1,0,1,0,1,0,1,0.0,0,0,1,0.0,0
2021/4/12,0,1,0,1,0,1,0,1,0,1,0,1,0,1,0,1,0,1,0,1,0.0,0,1,0,1,0,1,0,1,0,1,0,1,0.0,0,0,1,0,1,0,1,0.0,0,0,1,0.0,0.0,0,0,1,0.0,0,0,1,0,1,0.0,0,0.5,0,2.0,0,0.5,0,6.5,0,22.0,0,2.0,0,0.0,0,0.0,0,45.5,0,1.0,0,15.5,0,9.0,0,3.0,0,5.0,0,12.5,0,2.0,0,0.0,0
2021/4/13,3.5,0,4.0,0,21.5,0,5.5,0,0.0,0,0.0,0,0.0,0,0.0,0,1.0,0,0.0,0,0.0,0.5,0,1.0,0,0.0,0,2.0,0,0.0,0,4.5,0,17.0,0,0.0,0,29.5,0,19.5,0,4.0,0,4.5,0,4.0,9.5,0,2.0,0,14.0,0,5.0,0,17.0,0,2.5,0,4.0,0,2.0,0,1.5,0,19.5,0,25.5,0,2.5,0,0.5,0,4.5,0,95.0,0,4.0,0,3.5,0,15.0,0,3.5,0,23.0,0,50.0,0,25.0,0,0.5,0
2021/4/14,0.0,0,0.0,0,1.0,0,3.5,0,1.0,0,0.0,0,0.0,0,48.0,0,11.0,0,4.5,0,11.5,36.0,0,0.5,0,0.0,0,26.0,0,1.0,0,10.0,0,8.5,0,11.5,0,5.0,0,2.5,0,7.0,0,4.5,0,5.0,0.5,0,6.5,0,2.0,0,7.0,0,2.5,0,3.5,0,1.0,0,0,1,0.5,0,0.0,0,0.0,0,0,1,0,1,0.0,0,0,1,0.0,0,0,1,0,1,0,1,0,1,0,1,0,1,0.0,0
2021/4/15,0.0,0,0.0,0,0.0,0,0.0,0,0,1,0,1,0,1,0,1,0.5,0,0,1,0.0,0.0,0,0,1,0,1,0.0,0,0,1,0,1,0.0,0,0,1,0,1,0,1,0,1,0,1,0.0,0,1,0,1,0,1,0,1,0,1,0,1,0,1,0,1,0,1,0,1,0,1,0,1,0,1,0,1,0,1,0,1,0,1,0,1,0,1,0,1,0,1,0,1,5.0,0
2021/4/16,0,1,0,1,0.0,0,0.0,0,0,1,0.0,0,0,1,0,1,0,1,0.0,0,0.0,0.0,0,0,1,0.0,0,0.0,0,0,1,0.0,0,0.5,0,0.0,0,1.5,0,0.5,0,0.0,0,0.5,0,3.5,15.5,0,1.5,0,1.0,0,0.5,0,0.0,0,1.5,0,0.0,0,0.0,0,0.0,0,0.0,0,10.0,0,0.0,0,0.0,0,3.0,0,1.0,0,0.5,0,1.5,0,0.0,0,0.0,0,0.0,0,1.5,0,2.5,0,1.0,0
2021/4/17,6.5,0,8.0,0,22.5,0,29.0,0,20.0,0,32.5,0,13.5,0,10.0,0,12.0,0,33.0,0,28.5,33.5,0,36.0,0,26.0,0,48.0,0,32.5,0,30.0,0,71.5,0,19.0,0,79.5,0,89.0,0,39.5,0,44.0,0,61.0,62.5,0,48.0,0,34.5,0,59.5,0,26.0,0,59.0,0,18.5,0,16.5,0,5.0,0,15.5,0,6.0,0,22.5,0,14.0,0,16.0,0,9.0,0,6.0,0,19.5,0,11.0,0,29.0,0,10.0,0,28.5,0,22.5,0,0.0,0
2021/4/18,45.0,0,8.0,0,16.5,0,30.0,0,16.0,0,20.5,0,14.5,0,35.0,0,1.5,0,10.0,0,7.0,15.0,0,0.0,0,0.0,0,8.0,0,8.0,0,14.5,0,0,1,13.0,0,4.0,0,1.0,0,7.5,0,5.5,0,0.0,0.0,0,1.5,0,0.0,0,0.5,0,2.5,0,1.0,0,12.5,0,0.0,0,4.0,0,1.0,0,0.5,0,0.5,0,0.0,0,0.0,0,0.0,0,0,1,0,1,0.0,0,0.0,0,0,1,0,1,0.0,0,0,1
2021/4/19,4.5,0,3.0,0,2.5,0,0.0,0,0.5,0,0.0,0,0.0,0,0,1,0,1,0,1,0.0,0,1,0,1,0,1,0,1,0,1,0.5,0,0,1,0.0,0,0,1,0,1,0,1,0,1,0.0,0,1,0,1,0,1,0,1,0,1,0,1,0,1,0,1,0,1,0,1,0,1,0,1,0,1,0,1,0,1,0,1,0,1,0,1,0,1,0,1,0,1,0,1,0,1
2021/4/20,0,1,0,1,0,1,0,1,0,1,0,1,0,1,0,1,0,1,0,1,0.0,0,1,0,1,0,1,0,1,0,1,0,1,0,1,0,1,0,1,0,1,0,1,0,1,0.0,0,1,0,1,0,1,0,1,0,1,0,1,0,1,0,1,0,1,0,1,0,1,0,1,0,1,0,1,0,1,0,1,0,1,0,1,0,1,0,1,0,1,0,1,0,1
2021/4/21,0,1,0,1,0,1,0,1,0,1,0,1,0,1,0,1,0,1,0,1,0.0,0,1,0,1,0,1,0,1,0,1,0,1,0,1,0,1,0,1,0,1,0,1,0,1,0.0,0,1,0,1,0,1,0,1,0,1,0,1,0,1,0,1,0,1,0,1,0,1,0,1,0,1,0,1,0,1,0,1,0,1,0,1,0,1,0,1,0,1,0,1,9.5,0
2021/4/22,0,1,0,1,0,1,0,1,0,1,0,1,0,1,0,1,0,1,0,1,0.0,0,1,0,1,0,1,0,1,0,1,0,1,0,1,0,1,0,1,0,1,0,1,0,1,0.0,0,1,0,1,0,1,0,1,0,1,0,1,0,1,0,1,0,1,0,1,0,1,0,1,0,1,0,1,0,1,0,1,0,1,0,1,0,1,0,1,0,1,0,1,13.5,0
2021/4/23,0,1,0,1,0,1,0,1,0,1,0,1,0,1,0,1,0,1,0,1,0.0,0,1,0,1,0,1,0,1,0,1,0,1,0,1,0.0,0,0,1,0,1,0,1,0,1,0.0,0,1,0,1,0,1,0,1,0,1,0,1,0,1,0,1,0,1,0,1,0,1,0,1,0,1,0,1,0,1,0,1,0,1,0,1,0,1,0,1,2.0,0,0,1,33.5,0
2021/4/24,0.0,0,0,1,0,1,0,1,0,1,0,1,0,1,0,1,0,1,0,1,0.0,0,1,0,1,0,1,0,1,0,1,0,1,0,1,0,1,0,1,0,1,0,1,0,1,0.0,0,1,0,1,0,1,0,1,0,1,0.0,0,0,1,0,1,0,1,0,1,0,1,0,1,0,1,0,1,0.0,0,0,1,0,1,0.5,0,0.5,0,0.0,0,2.5,0,0.0,0,0.5,0
2021/4/25,13.0,0,0.5,0,1.5,0,0.0,0,0.0,0,0.0,0,0.0,0,0.5,0,1.0,0,0.0,0,0.0,0.0,0,0,1,0.0,0,0.0,0,0,1,0.0,0,0.0,0,0.0,0,0,1,0,1,0.0,0,0.0,0,0.0,0,1,0,1,0,1,0,1,0,1,0.0,0,0.0,0,0,1,0.0,0,0,1,0,1,0,1,0,1,0,1,0,1,0,1,0,1,0,1,0,1,0,1,0,1,0.0,0,0.0,0
2021/4/26,0,1,0,1,0.0,0,0.0,0,0.5,0,0,1,0.0,0,0,1,0.0,0,0,1,0.0,0,1,0,1,0,1,0.0,0,0,1,0.0,0,0,1,0,1,0,1,0,1,0,1,0,1,0.0,0,1,0,1,0,1,0,1,0,1,0,1,0,1,0,1,0,1,0,1,0,1,0,1,0,1,0,1,0,1,0,1,0,1,0,1,0,1,0,1,0,1,0,1,0,1
2021/4/27,0,1,0,1,0,1,0,1,0,1,0,1,0,1,0,1,0,1,0,1,0.0,0,1,0,1,0,1,0,1,0,1,0,1,0,1,0,1,0,1,0,1,0,1,0,1,0.0,0,1,0,1,0,1,0,1,0,1,0,1,0.0,0,0.0,0,0.0,0,0.0,0,1.0,0,0,1,0.0,0,0,1,0.0,0,0.0,0,0.0,0,0.5,0,0.0,0,0.0,0,1.5,0,2.0,0,0.5,0
2021/4/28,0,1,0.0,0,8.5,0,0.5,0,0.0,0,0.0,0,0.0,0,0.0,0,0,1,0.0,0,0.0,0.0,0,0.0,0,0.0,0,0.0,0,0.5,0,5.5,0,0.0,0,11.5,0,20.5,0,8.0,0,19.0,0,9.0,0,20.0,2.5,0,7.0,0,10.0,0,17.0,0,26.5,0,30.5,0,9.5,0,4.5,0,0.0,0,30.0,0,19.0,0,21.0,0,4.5,0,5.5,0,14.5,0,9.0,0,13.0,0,26.5,0,20.0,0,24.5,0,7.5,0,5.0,0,0.0,0
2021/4/29,0.0,0,10.0,0,10.0,0,39.5,0,22.5,0,28.5,0,57.5,0,48.0,0,34.5,0,40.0,0,16.0,37.0,0,11.5,0,26.0,0,43.0,0,31.0,0,22.5,0,74.5,0,71.0,0,43.0,0,41.0,0,78.0,0,48.0,0,87.0,17.5,0,61.0,0,79.0,0,105.0,0,71.0,0,78.5,0,29.0,0,48.0,0,18.5,0,37.5,0,28.0,0,37.0,0,65.5,0,28.5,0,51.0,0,36.0,0,37.0,0,44.0,0,50.0,0,72.0,0,18.0,0,37.5,0,11.0,0
2021/4/30,33.5,0,7.0,0,3.5,0,11.5,0,5.0,0,7.0,0,4.0,0,9.0,0,1.0,0,4.5,0,0.5,3.0,0,0.0,0,0.0,0,0.0,0,0.0,0,4.0,0,0.0,0,3.0,0,0.5,0,0.0,0,2.0,0,6.0,0,0.0,0,1,0.0,0,0,1,0,1,0.0,0,1.5,0,3.0,0,0,1,5.5,0,0.0,0,0,1,0,1,0,1,0.0,0,0.0,0,0.5,0,0.0,0,1.0,0,0.0,0,0.0,0,0,1,0.0,0,0,1
2021/5/1,2.0,0,1.5,0,7.0,0,3.5,0,15.0,0,16.0,0,11.5,0,2.0,0,6.0,0,0.5,0,10.5,8.0,0,3.5,0,6.5,0,11.0,0,14.5,0,6.5,0,34.0,0,12.5,0,9.0,0,22.0,0,9.5,0,16.5,0,7.0,3.0,0,0.5,0,0.0,0,7.5,0,2.5,0,2.5,0,3.0,0,0.0,0,9.5,0,0.0,0,0.5,0,1.5,0,0.0,0,0.0,0,6.0,0,1.5,0,0.5,0,2.5,0,2.5,0,2.5,0,1.0,0,8.5,0,0,1
2021/5/2,4.5,0,6.0,0,15.5,0,15.0,0,5.0,0,11.5,0,7.5,0,13.0,0,0.0,0,0.0,0,0.5,2.0,0,0.0,0,0.0,0,0.0,0,1.0,0,6.5,0,0.0,0,16.5,0,1.5,0,1.5,0,30.5,0,21.0,0,0.0,2.5,0,1.0,0,1.0,0,1.0,0,0.5,0,1.0,0,23.0,0,0.0,0,20.5,0,1.5,0,10.0,0,1.5,0,1.0,0,0.0,0,0.0,0,4.5,0,1.0,0,0.5,0,0.0,0,0.0,0,0.0,0,0.0,0,0,1
2021/5/3,9.0,0,0.5,0,0.5,0,12.5,0,2.5,0,0.0,0,0.0,0,0,1,0.0,0,0.0,0,0.0,0.0,0,0,1,0,1,0,1,0.0,0,0.0,0,0,1,0.0,0,0,1,0,1,0.0,0,0,1,0.0,0,1,0,1,0,1,0,1,0,1,0,1,0.0,0,0,1,0,1,0,1,0,1,0,1,0,1,0,1,0,1,0,1,0,1,0,1,0,1,0,1,0,1,0,1,0,1
2021/5/4,0.0,0,0,1,0,1,0,1,0,1,0,1,0,1,0,1,0,1,0,1,0.0,0,1,0,1,0,1,0.0,0,0,1,0,1,0,1,0,1,0,1,0,1,0,1,0,1,0.0,0,1,0,1,0,1,0,1,0,1,0,1,0.0,0,0,1,0.0,0,0.0,0,1.0,0,0.0,0,0,1,0.0,0,0.0,0,0.5,0,0.0,0,13.0,0,0.5,0,2.5,0,0.0,0,0.0,0,0,1
2021/5/5,0.0,0,0.0,0,4.0,0,0.5,0,1.0,0,1.5,0,0.0,0,1.5,0,2.5,0,1.0,0,1.0,3.0,0,0.0,0,0.0,0,0.0,0,0.0,0,6.0,0,20.0,0,14.5,0,86.5,0,40.0,0,7.5,0,20.0,0,21.0,10.0,0,17.5,0,46.5,0,27.0,0,41.0,0,16.5,0,5.5,0,11.5,0,5.5,0,34.0,0,60.0,0,42.0,0,6.5,0,14.5,0,71.5,0,7.0,0,11.5,0,60.0,0,32.5,0,37.0,0,29.5,0,33.5,0,6.0,0
2021/5/6,0,1,0,1,0,1,0,1,0.5,0,0,1,0,1,3.5,0,5.5,0,0.5,0,0.0,3.5,0,0.0,0,0.0,0,5.5,0,0.5,0,0.5,0,6.0,0,0.0,0,1.0,0,2.0,0,0,1,0.0,0,0.0,0.5,0,0,1,0,1,0,1,0,1,0,1,0.0,0,0,1,0,1,0,1,0,1,0,1,0,1,0,1,0,1,0,1,0,1,0,1,0,1,0,1,0,1,0,1,0.5,0
2021/5/7,0,1,0,1,0.0,0,0,1,0,1,0.0,0,0,1,1.5,0,3.0,0,1.5,0,0.5,1.0,0,0.5,0,5.0,0,1.0,0,0.0,0,0,1,3.5,0,0.0,0,1.0,0,2.5,0,0.0,0,0.0,0,2.5,3.5,0,2.5,0,2.5,0,2.0,0,1.5,0,2.0,0,0.5,0,1.5,0,0.0,0,1.0,0,1.0,0,2.0,0,1.0,0,3.0,0,4.0,0,0.0,0,1.5,0,2.0,0,1.5,0,0.0,0,5.5,0,10.0,0,0.0,0
2021/5/8,0.5,0,0.0,0,1.5,0,0.0,0,0.0,0,0,1,0,1,0,1,0,1,0,1,0.0,0.0,0,0,1,0,1,0,1,0.0,0,1.0,0,0,1,0.0,0,0.0,0,0.0,0,0.0,0,0.0,0,0.0,0.0,0,0.0,0,0.0,0,0,1,0,1,0,1,0,1,0.0,0,0,1,0,1,0,1,0,1,0,1,0.0,0,0.0,0,0,1,0.0,0,0.0,0,0.0,0,0.0,0,0.5,0,1.5,0,3.5,0
2021/5/9,3.5,0,3.0,0,0.0,0,1.5,0,1.0,0,0.0,0,0.0,0,1.0,0,0,1,0.0,0,0.0,0,1,0,1,0,1,0,1,0.0,0,3.5,0,0,1,2.5,0,2.0,0,0.0,0,5.0,0,2.0,0,0.0,0,1,0,1,0,1,0,1,0,1,0.0,0,0.0,0,0,1,0,1,0.0,0,0,1,0,1,0,1,0,1,0,1,0,1,0,1,0.0,0,0.0,0,0.0,0,0,1,0,1,58.0,0
2021/5/10,0.5,0,4.5,0,3.0,0,0.5,0,0.0,0,0,1,0,1,0.0,0,0,1,0.0,0,0.0,0.0,0,0.0,0,0.0,0,0,1,0.0,0,0.0,0,0,1,0.0,0,0.0,0,0.0,0,0.0,0,3.5,0,0.0,0,1,0,1,0,1,0,1,0,1,0,1,2.0,0,0,1,0.0,0,0,1,0,1,0,1,0,1,0,1,0,1,0,1,0,1,0,1,0,1,0,1,0,1,0,1,10.5,0
2021/5/11,0.0,0,0.0,0,0.0,0,0.0,0,0,1,0,1,0,1,0.0,0,0.0,0,0.0,0,0.0,0.0,0,0,1,0.0,0,0.0,0,0,1,0,1,0.0,0,0,1,0.0,0,0.0,0,0,1,1.5,0,0.0,0,1,0.0,0,0,1,0.0,0,0,1,0.0,0,0.5,0,0.0,0,1.0,0,0.0,0,0,1,0,1,0,1,0,1,0.0,0,0.0,0,0.0,0,0.0,0,0.0,0,3.5,0,8.5,0,49.0,0,0,1
2021/5/12,0,1,0,1,0,1,0,1,0,1,0,1,0,1,0,1,0,1,0,1,0.0,0,1,0,1,0.0,0,0.0,0,0.0,0,0,1,0.5,0,0,1,1.0,0,0.0,0,0,1,0,1,7.0,4.0,0,5.0,0,11.0,0,7.0,0,4.0,0,6.0,0,1.0,0,7.0,0,2.5,0,21.0,0,32.5,0,3.0,0,14.5,0,14.0,0,11.5,0,13.0,0,31.0,0,38.0,0,20.5,0,22.5,0,135.5,0,36.5,0,0.0,0
2021/5/13,0.0,0,0.0,0,0,1,0,1,0,1,0,1,0,1,7.5,0,2.5,0,0.0,0,2.0,12.0,0,0,1,0.0,0,13.0,0,0.0,0,0,1,4.5,0,0,1,0.0,0,0.0,0,0,1,0,1,4.0,16.0,0,5.0,0,6.0,0,3.0,0,1.0,0,5.5,0,0.0,0,4.5,0,0.0,0,4.5,0,0.0,0,0.0,0,11.0,0,8.0,0,0.0,0,0.0,0,0.5,0,0.5,0,0.0,0,3.5,0,0.0,0,0,1,0,1
2021/5/14,0,1,3.5,0,1.0,0,0.5,0,0,1,0,1,0,1,0.0,0,0,1,0.0,0,0.0,0.0,0,0,1,0,1,0.0,0,0,1,0,1,0,1,0,1,0,1,0,1,0,1,0,1,0.0,0,1,0,1,0,1,0,1,0,1,0,1,0,1,0,1,0,1,0.0,0,0,1,0.0,0,0,1,0.0,0,0,1,0,1,0,1,0.0,0,0.5,0,1.0,0,7.0,0,8.5,0,0,1
2021/5/15,0,1,0,1,0.0,0,0,1,0,1,0,1,0,1,0,1,0,1,0.0,0,0.0,0,1,0.0,0,0,1,0,1,0,1,0,1,0,1,0,1,0.0,0,0,1,0.0,0,0.0,0,0.0,0.5,0,0.0,0,0.5,0,0.0,0,1.0,0,0.0,0,2.0,0,4.0,0,6.5,0,18.0,0,17.5,0,2.5,0,1.0,0,5.5,0,26.0,0,17.0,0,13.5,0,45.0,0,37.5,0,68.5,0,91.5,0,59.0,0,0.0,0
2021/5/16,12.5,0,10.5,0,32.5,0,2.5,0,0.0,0,1.5,0,0.0,0,1.5,0,0.0,0,0.0,0,1.0,1.0,0,2.5,0,2.5,0,1.0,0,3.5,0,5.5,0,1.5,0,10.5,0,8.0,0,5.5,0,12.5,0,8.0,0,13.0,15.5,0,3.0,0,1.5,0,7.5,0,9.0,0,11.0,0,5.5,0,10.0,0,47.5,0,31.0,0,42.0,0,2.5,0,3.0,0,6.0,0,15.0,0,1.0,0,2.5,0,8.5,0,2.5,0,2.0,0,1.5,0,12.5,0,0.0,0
2021/5/17,15.5,0,37.5,0,52.5,0,14.0,0,0.5,0,0.5,0,0.5,0,2.0,0,0.0,0,0.0,0,0.5,0.5,0,0.5,0,1.0,0,1.5,0,8.0,0,10.5,0,6.0,0,79.5,0,18.5,0,14.5,0,94.5,0,96.5,0,8.5,3.5,0,17.0,0,18.0,0,36.5,0,21.0,0,5.5,0,36.5,0,19.5,0,33.5,0,13.5,0,11.5,0,58.0,0,31.5,0,8.5,0,26.0,0,3.5,0,99.0,0,7.0,0,103.0,0,7.0,0,6.0,0,10.0,0,0,1
2021/5/18,0,1,0.5,0,2.5,0,2.5,0,4.5,0,3.5,0,2.0,0,2.0,0,1.5,0,14.0,0,2.0,1.0,0,5.0,0,0.0,0,0.0,0,1.0,0,15.0,0,0.5,0,1.5,0,7.5,0,11.0,0,4.0,0,0.0,0,5.0,3.0,0,5.0,0,3.0,0,1.0,0,2.5,0,7.5,0,1.0,0,0.0,0,1.0,0,0.5,0,0.0,0,1.0,0,0.5,0,2.5,0,2.0,0,1.0,0,3.0,0,2.5,0,5.0,0,2.0,0,13.0,0,13.5,0,0,1
2021/5/19,1.0,0,1.0,0,1.5,0,3.0,0,5.5,0,3.0,0,0.5,0,8.0,0,18.0,0,7.0,0,7.0,9.5,0,2.0,0,3.5,0,13.5,0,0.0,0,14.0,0,21.5,0,1.5,0,4.0,0,6.0,0,0.5,0,0.5,0,4.0,6.0,0,2.0,0,4.0,0,2.5,0,2.5,0,2.5,0,0.0,0,0.0,0,0,1,0.0,0,0,1,0.5,0,0.5,0,4.0,0,12.0,0,0.0,0,0.5,0,0.0,0,2.0,0,2.0,0,19.0,0,48.0,0,0,1
2021/5/20,2.0,0,0.0,0,0.0,0,0.0,0,2.0,0,3.5,0,4.0,0,5.0,0,10.0,0,5.0,0,1.5,2.0,0,4.0,0,9.5,0,9.0,0,5.0,0,4.5,0,39.5,0,21.5,0,43.0,0,25.0,0,17.5,0,17.0,0,51.0,17.0,0,43.0,0,32.0,0,101.0,0,54.0,0,69.5,0,15.5,0,33.5,0,37.5,0,69.0,0,100.5,0,95.5,0,30.0,0,23.5,0,127.5,0,55.0,0,54.5,0,102.0,0,145.0,0,77.5,0,48.5,0,88.0,0,0.0,0
2021/5/21,2.5,0,20.0,0,36.5,0,28.5,0,15.0,0,19.0,0,16.5,0,8.0,0,2.0,0,14.0,0,2.0,5.0,0,14.0,0,13.5,0,6.5,0,35.0,0,17.5,0,73.0,0,33.5,0,55.0,0,81.0,0,34.5,0,58.0,0,70.0,19.0,0,54.5,0,31.5,0,95.5,0,66.0,0,51.5,0,24.0,0,10.0,0,12.0,0,16.5,0,2.5,0,13.0,0,14.0,0,15.0,0,16.0,0,0.0,0,1.0,0,0.0,0,4.5,0,1.0,0,18.5,0,33.0,0,0.0,0
2021/5/22,0.0,0,3.5,0,2.0,0,8.5,0,1.5,0,9.0,0,15.5,0,8.5,0,1.0,0,11.0,0,7.5,2.0,0,3.5,0,0.0,0,0.5,0,0.0,0,1.0,0,4.0,0,1.0,0,0.0,0,0,1,2.5,0,8.0,0,1.5,0.0,0,0.0,0,0,1,1.5,0,0.0,0,0.5,0,0.0,0,0.0,0,5.0,0,0.0,0,1.0,0,0,1,0,1,0.0,0,0.0,0,0,1,0,1,0,1,0,1,0,1,0.5,0,1.5,0,1.0,0
2021/5/23,3.5,0,7.0,0,11.5,0,5.0,0,0.5,0,1.5,0,1.5,0,1.0,0,14.0,0,3.0,0,2.5,5.5,0,0,1,0,1,3.0,0,0,1,4.0,0,0,1,0.0,0,0.0,0,0.0,0,2.0,0,0.5,0,0.0,0,1,0,1,0,1,0,1,0,1,0,1,0.0,0,0,1,0,1,0,1,0,1,0,1,0,1,0,1,0,1,0,1,0.0,0,0.0,0,0.0,0,0.0,0,0,1,0.0,0,2.0,0
2021/5/24,0.5,0,0.5,0,0.5,0,0.0,0,0.0,0,0.0,0,0.0,0,0.0,0,0,1,0.0,0,0.0,0.0,0,0.0,0,0.0,0,0.0,0,0.0,0,0.0,0,0.0,0,0.0,0,2.0,0,0.0,0,4.0,0,1.0,0,2.5,1.5,0,8.5,0,8.0,0,2.0,0,0.5,0,5.5,0,2.5,0,5.5,0,6.0,0,2.5,0,13.0,0,4.0,0,2.0,0,7.5,0,11.5,0,11.0,0,18.0,0,8.0,0,27.5,0,19.5,0,22.0,0,15.0,0,4.0,0
2021/5/25,0.5,0,5.5,0,14.0,0,2.0,0,0.0,0,0.5,0,0.0,0,0.5,0,0,1,14.0,0,0.0,0,1,0.0,0,0,1,0,1,1.5,0,8.0,0,0,1,11.0,0,0.0,0,0,1,7.0,0,3.0,0,0.0,0,1,0.0,0,0.0,0,0.0,0,0,1,0.0,0,0.5,0,0,1,2.5,0,0,1,0,1,0,1,0.0,0,0,1,0,1,0,1,0,1,0,1,0,1,0,1,0,1,0,1,7.0,0
2021/5/26,0,1,0,1,2.5,0,8.0,0,0.0,0,0,1,0,1,0,1,0,1,0.0,0,0.0,0,1,0,1,0,1,0,1,0,1,0.0,0,0,1,0,1,0,1,0,1,0,1,0,1,0.0,0,1,0.0,0,0.0,0,0.0,0,0.0,0,0,1,0.0,0,1.5,0,0.0,0,5.0,0,6.0,0,0.0,0,0.5,0,0.0,0,4.5,0,4.5,0,28.5,0,44.0,0,18.0,0,14.0,0,14.5,0,7.0,0,0,1
2021/5/27,2.0,0,11.5,0,17.0,0,12.5,0,1.5,0,3.0,0,4.0,0,20.5,0,38.0,0,23.5,0,27.5,35.5,0,24.5,0,38.0,0,45.5,0,12.5,0,9.0,0,83.5,0,10.5,0,42.5,0,43.0,0,8.5,0,27.0,0,47.5,65.0,0,37.5,0,43.0,0,45.0,0,39.0,0,41.5,0,20.5,0,27.0,0,9.5,0,32.5,0,31.0,0,46.0,0,23.0,0,29.5,0,77.5,0,14.0,0,54.0,0,48.5,0,52.0,0,62.0,0,99.0,0,35.0,0,2.0,0
2021/5/28,8.0,0,3.0,0,1.5,0,3.5,0,0.5,0,0.5,0,0.0,0,0,1,0,1,0,1,0.5,0,1,0,1,0,1,0,1,0,1,0.0,0,0,1,0.0,0,0,1,0,1,0.0,0,0.0,0,0.5,0,1,0,1,0,1,0,1,0.0,0,0,1,2.5,0,0,1,13.0,0,0.0,0,0,1,0,1,0,1,0.0,0,0,1,0.0,0,0.0,0,0.0,0,0.0,0,0.0,0,0,1,0,1,22.0,0
2021/5/29,8.5,0,1.0,0,0.0,0,0.5,0,0.0,0,0.0,0,0.0,0,0,1,0,1,0,1,0.0,0,1,0,1,0,1,0,1,0.0,0,1.0,0,0.0,0,0.0,0,0.0,0,0.0,0,2.0,0,1.5,0,0.0,0,1,0.0,0,0,1,0.0,0,0.0,0,0.0,0,0.0,0,0.0,0,0.0,0,0,1,0,1,0.0,0,0.0,0,0,1,0,1,0,1,0,1,0,1,0,1,0,1,0,1,0.0,0,15.5,0
2021/5/30,0.0,0,5.0,0,6.5,0,0.0,0,0.0,0,0,1,0,1,3.5,0,0,1,4.5,0,8.0,0.5,0,0.0,0,0,1,2.0,0,0,1,0.0,0,0,1,0.0,0,0,1,0,1,0,1,0,1,0.0,0.0,0,0,1,0,1,0,1,0.0,0,0,1,0,1,0,1,0,1,0,1,0,1,0,1,0,1,0,1,0,1,0,1,0,1,0,1,0,1,0,1,0,1,0,1,30.5,0
2021/5/31,0.0,0,0.0,0,0.0,0,0,1,0,1,0,1,0,1,11.0,0,6.0,0,27.5,0,5.0,7.5,0,11.0,0,0,1,0.5,0,0.0,0,0,1,0,1,0.0,0,0,1,0,1,0,1,0,1,0.0,0,1,0,1,0,1,0,1,0,1,0,1,0,1,0,1,0,1,0,1,0,1,0,1,0,1,0,1,0,1,0,1,0,1,0,1,0,1,0,1,0,1,0,1,1.0,0
2021/6/1,0,1,0,1,0,1,0.0,0,0,1,0,1,0,1,0.5,0,6.5,0,0.0,0,0.0,0.5,0,0,1,0.0,0,11.5,0,0,1,0,1,0.0,0,0,1,0,1,0,1,0,1,0,1,0.0,0,1,0,1,0,1,0,1,0,1,0,1,0,1,0,1,0,1,0,1,0,1,0,1,0,1,0,1,0,1,0,1,0,1,0,1,0,1,0,1,0,1,0,1,0.0,0
2021/6/2,0.0,0,0,1,0.0,0,0.0,0,0.0,0,0.0,0,0.0,0,0,1,0,1,0,1,0.0,0,1,0,1,0,1,0,1,0,1,0.0,0,0,1,0,1,0,1,0.0,0,0,1,0,1,0.0,0.0,0,0,1,0,1,0,1,0,1,0,1,0,1,0,1,0,1,0,1,0,1,0,1,0.0,0,0,1,0,1,0,1,0,1,0,1,0.0,0,0,1,0.0,0,0.0,0,5.5,0
2021/6/3,0.0,0,0,1,0,1,0,1,0,1,0,1,0,1,0.0,0,0.0,0,0.0,0,0.0,3.0,0,0.0,0,0.0,0,3.0,0,0.0,0,0,1,0.0,0,0.0,0,0.5,0,0.0,0,0.0,0,0.0,0,0.0,2.0,0,0.5,0,0.5,0,0.5,0,0.5,0,0.0,0,2.0,0,7.0,0,1.0,0,25.0,0,68.0,0,3.5,0,3.5,0,4.0,0,27.0,0,27.5,0,26.5,0,60.0,0,36.0,0,42.0,0,71.0,0,143.0,0,0,1
2021/6/4,28.0,0,14.5,0,51.5,0,59.5,0,25.5,0,27.5,0,15.0,0,28.0,0,15.0,0,46.5,0,7.0,23.0,0,8.0,0,7.5,0,25.5,0,26.5,0,28.0,0,142.5,0,31.5,0,67.5,0,23.0,0,63.0,0,50.0,0,44.0,10.5,0,41.5,0,14.5,0,46.0,0,33.5,0,43.0,0,24.0,0,27.0,0,25.5,0,47.5,0,49.5,0,28.5,0,10.0,0,10.0,0,47.5,0,38.5,0,13.5,0,25.5,0,31.0,0,22.5,0,26.0,0,98.5,0,0.5,0
2021/6/5,0,1,0,1,0.0,0,0,1,0,1,0,1,0,1,0.0,0,0,1,0.0,0,0.0,0.0,0,0,1,0,1,0.0,0,0,1,0,1,0.0,0,0,1,0,1,0,1,0,1,0,1,0.0,0.0,0,0.0,0,0.0,0,0,1,0,1,0,1,0,1,0,1,0,1,0,1,0,1,0,1,0,1,0.0,0,0.0,0,0.0,0,0,1,0,1,0,1,0,1,7.0,0,11.0,0,1.0,0
2021/6/6,0,1,0,1,0,1,0,1,0,1,0,1,0,1,0.0,0,2.0,0,0.0,0,0.0,0.5,0,0.0,0,0.0,0,1.5,0,0,1,0,1,3.0,0,0,1,0.0,0,1.0,0,0,1,0,1,0.5,1.0,0,0.0,0,0.5,0,0.0,0,0,1,0,1,0,1,0,1,0,1,0,1,0,1,0,1,0,1,0.0,0,0.5,0,0,1,0.0,0,0,1,0,1,0,1,3.5,0,0.5,0,57.5,0
2021/6/7,0,1,0.0,0,0.0,0,0,1,0,1,0,1,0.0,0,0.0,0,0,1,0,1,0.0,0.0,0,0,1,0.0,0,0.0,0,0,1,0.0,0,0.0,0,0,1,0.0,0,0.0,0,0,1,0,1,0.0,0.0,0,0.0,0,0.0,0,0,1,0,1,0,1,0,1,0,1,0,1,0,1,0,1,0,1,0,1,0,1,0,1,0,1,0,1,0,1,0,1,0,1,0,1,0,1,13.5,0
2021/6/8,0,1,0.0,0,3.0,0,1.0,0,0,1,0.0,0,0.0,0,2.0,0,0,1,1.0,0,0.0,0.0,0,0.0,0,0,1,0.0,0,0,1,0.0,0,0,1,,1,0,1,0,1,0,1,0,1,0.0,0,1,0,1,0,1,0,1,0,1,0,1,0,1,0,1,0.0,0,0,1,0,1,0,1,0,1,0,1,0,1,0,1,0,1,0,1,0,1,0,1,0,1,0,1,76.5,0
2021/6/9,0,1,0,1,0,1,0.0,0,0,1,0,1,0.0,0,0,1,0,1,0,1,0.0,0,1,0,1,0,1,0,1,0,1,0,1,0,1,,1,0,1,0,1,0,1,0,1,0.0,0,1,0,1,0,1,0,1,0,1,0,1,0,1,0,1,0,1,0,1,0,1,0,1,0,1,0,1,0,1,0,1,0,1,0,1,0,1,0,1,0.0,0,0.0,0,0.0,0
2021/6/10,0,1,0,1,0,1,0,1,0,1,0,1,0,1,0,1,0,1,0,1,0.0,0,1,0,1,0,1,0,1,0,1,0,1,0,1,0,1,0,1,0,1,0,1,0,1,0.0,0,1,0,1,0.0,0,0,1,0,1,0,1,0,1,0,1,0,1,0,1,0,1,0,1,0,1,0,1,0,1,0,1,0.0,0,0,1,0,1,0,1,0.5,0,0,1,1.5,0
2021/6/11,0,1,0,1,0,1,0,1,0,1,0,1,0,1,0,1,0,1,0.0,0,0.0,0,1,0,1,0,1,0.0,0,0,1,0,1,0,1,0,1,0,1,0,1,0,1,0,1,0.0,0,1,0,1,0,1,0.0,0,0.0,0,0,1,0.0,0,0.5,0,0.0,0,0.0,0,0.0,0,0.0,0,0.0,0,0.0,0,0.0,0,6.0,0,0.0,0,4.5,0,1.5,0,14.5,0,17.5,0,10.5,0,0.0,0
2021/6/12,0.0,0,0.0,0,0.0,0,0,1,0,1,0,1,0.0,0,0,1,0,1,0,1,0.0,0,1,0.0,0,0,1,0,1,0.0,0,0,1,0,1,0.0,0,0.0,0,0,1,0.0,0,0.0,0,0.0,0,1,0.0,0,0.0,0,0.0,0,0.0,0,0.0,0,2.5,0,5.0,0,21.0,0,2.5,0,0.0,0,8.0,0,0.0,0,0.0,0,2.5,0,2.5,0,10.5,0,4.0,0,2.0,0,10.0,0,60.0,0,61.5,0,0.0,0
2021/6/13,0,1,0.0,0,0.0,0,0.0,0,0.0,0,0.0,0,7.5,0,0,1,0,1,0,1,0.0,0.0,0,0.0,0,0.0,0,0.0,0,3.5,0,0.0,0,0.5,0,5.5,0,0.0,0,0.0,0,0.0,0,6.5,0,1.5,2.5,0,6.0,0,5.5,0,5.5,0,6.0,0,4.5,0,50.0,0,0.5,0,15.5,0,1.0,0,0.0,0,3.5,0,0.5,0,0.5,0,1.5,0,1.0,0,0.5,0,0.0,0,0.0,0,0.5,0,30.5,0,0.5,0,17.5,0
2021/6/14,0.0,0,0,1,0,1,3.0,0,0.0,0,0,1,0.0,0,0.5,0,3.5,0,37.5,0,8.0,3.5,0,4.5,0,29.5,0,1.5,0,0.0,0,0,1,3.5,0,10.5,0,7.5,0,4.0,0,10.0,0,1.0,0,8.5,10.5,0,18.5,0,4.0,0,41.0,0,8.5,0,6.0,0,0.5,0,0.0,0,20.0,0,14.5,0,0.0,0,23.0,0,0.0,0,9.5,0,2.5,0,0,1,0.0,0,0,1,0.0,0,0,1,0.0,0,0,1,50.0,0
2021/6/15,3.0,0,0.0,0,0.0,0,1.5,0,0.0,0,0.0,0,0.0,0,0,1,1.0,0,0.5,0,16.0,1.0,0,0.0,0,24.0,0,0.5,0,0,1,0.0,0,9.0,0,0,1,15.5,0,2.5,0,0,1,0.0,0,1.5,3.0,0,0.0,0,3.0,0,0.0,0,0.0,0,9.5,0,7.5,0,1.0,0,6.0,0,0.0,0,1.5,0,0.0,0,1.0,0,3.0,0,0.0,0,12.5,0,0.5,0,24.0,0,13.5,0,49.5,0,6.5,0,27.5,0,66.5,0
2021/6/16,0,1,0,1,0,1,7.5,0,0.0,0,0.0,0,6.0,0,0,1,0,1,46.0,0,28.0,30.5,0,5.0,0,2.5,0,4.0,0,10.5,0,0,1,12.0,0,0.0,0,14.0,0,2.0,0,0.0,0,4.0,0,8.0,46.0,0,5.0,0,22.0,0,18.0,0,18.0,0,10.5,0,15.5,0,12.0,0,4.0,0,30.5,0,13.0,0,17.0,0,21.0,0,15.0,0,33.5,0,16.5,0,17.5,0,11.0,0,16.5,0,16.5,0,66.5,0,39.0,0,0.0,0
2021/6/17,0,1,0,1,0,1,0,1,0.0,0,2.5,0,4.0,0,0.0,0,0.0,0,7.5,0,4.0,3.5,0,1.5,0,2.5,0,2.5,0,0,1,0.0,0,9.0,0,1.0,0,0.0,0,4.5,0,0.0,0,0.0,0,1.0,0.5,0,0.0,0,0.0,0,0.0,0,0,1,0.0,0,0,1,0,1,0.0,0,0,1,0,1,0,1,0.5,0,1.5,0,0,1,0.0,0,0,1,2.0,0,0.0,0,1.0,0,0.0,0,2.5,0,138.0,0
2021/6/18,0,1,0,1,0,1,0,1,0.0,0,0.0,0,0,1,0.0,0,0,1,0.0,0,0.0,0.0,0,0.0,0,0.0,0,0.0,0,0,1,0.0,0,0.0,0,0.0,0,2.0,0,1.0,0,3.0,0,3.5,0,2.5,1.0,0,2.0,0,0.5,0,1.5,0,4.5,0,2.5,0,3.0,0,11.5,0,27.5,0,43.5,0,53.5,0,8.0,0,6.5,0,6.5,0,17.5,0,17.5,0,7.0,0,26.0,0,13.0,0,13.0,0,7.0,0,5.5,0,2.0,0
2021/6/19,4.5,0,3.5,0,14.5,0,1.0,0,6.5,0,9.0,0,9.5,0,19.5,0,15.0,0,27.0,0,12.0,12.0,0,17.5,0,27.0,0,12.0,0,14.5,0,26.0,0,24.5,0,42.0,0,116.5,0,79.0,0,63.0,0,49.5,0,23.5,64.0,0,26.5,0,19.5,0,25.0,0,20.5,0,21.0,0,16.0,0,29.5,0,23.0,0,17.0,0,6.0,0,24.0,0,14.0,0,18.5,0,78.5,0,1.0,0,4.0,0,0.5,0,10.0,0,0.0,0,1.5,0,2.0,0,6.0,0
2021/6/20,14.5,0,6.0,0,0.0,0,1.0,0,0.0,0,0.0,0,0.0,0,15.0,0,21.0,0,1.5,0,6.0,14.5,0,1.0,0,2.0,0,13.5,0,0.0,0,0.0,0,0.5,0,0,1,0.0,0,0,1,0.0,0,0,1,0.0,0.0,0,0,1,0,1,0,1,0,1,0,1,0.0,0,0,1,0,1,0,1,0,1,0,1,0,1,0,1,0,1,0,1,0,1,0,1,0,1,0.0,0,0.0,0,0,1,36.5,0
2021/6/21,0.0,0,0.0,0,0.5,0,0.0,0,0,1,0.0,0,0,1,0,1,7.5,0,0,1,0.0,0,1,0.0,0,0,1,0.0,0,0,1,0,1,0,1,0,1,0.0,0,0.0,0,0,1,0,1,0.0,0,1,0,1,0,1,0,1,0,1,0,1,0,1,0,1,0,1,0,1,0,1,0,1,0,1,0,1,0,1,0,1,0,1,0,1,0,1,0,1,0.0,0,0,1,10.0,0
2021/6/22,0,1,0.0,0,0.0,0,0.0,0,2.5,0,0.0,0,2.5,0,0,1,0.0,0,0,1,0.0,0,1,0.0,0,0,1,0.0,0,30.5,0,24.5,0,0.0,0,0.0,0,0,1,0.0,0,0.0,0,0,1,0.0,0.0,0,0,1,0,1,0.0,0,0.0,0,0.0,0,0.0,0,0.0,0,0,1,0,1,0,1,0,1,0,1,0,1,0,1,0,1,0,1,0,1,0,1,0,1,0,1,0,1,17.5,0
2021/6/23,0.0,0,4.5,0,6.5,0,6.5,0,1.5,0,2.5,0,13.5,0,0.5,0,0,1,8.5,0,1.0,1.5,0,34.0,0,2.5,0,0.0,0,4.5,0,4.5,0,0,1,0,1,0,1,0.0,0,0,1,0,1,2.5,1.0,0,4.5,0,0,1,0,1,0,1,0.0,0,0,1,1.5,0,0.0,0,0.0,0,0.0,0,0,1,0,1,0.0,0,0.0,0,0.0,0,0.5,0,0,1,0,1,0,1,0,1,0,1,8.5,0
2021/6/24,0.5,0,0.0,0,0.0,0,2.5,0,3.5,0,2.0,0,3.0,0,0.0,0,7.5,0,44.5,0,0.5,0.0,0,2.0,0,0.0,0,3.0,0,2.5,0,0.0,0,0.0,0,0.0,0,0.0,0,0,1,0.0,0,0.0,0,11.0,0.0,0,0,1,0.0,0,0,1,0.0,0,0,1,0.0,0,0.0,0,0,1,0.0,0,0,1,0.0,0,4.0,0,2.0,0,70.0,0,0,1,0.0,0,0,1,0,1,0,1,0,1,0,1,19.5,0
2021/6/25,0,1,0.0,0,0,1,0,1,0.0,0,0.0,0,9.0,0,0,1,0,1,6.5,0,10.0,19.0,0,2.0,0,0.0,0,0.5,0,26.0,0,0,1,0.0,0,0.5,0,0.0,0,7.0,0,6.0,0,2.0,0,4.0,0,1,0.0,0,0.0,0,0.0,0,0.0,0,0.0,0,0.5,0,0.0,0,0.0,0,0,1,0.0,0,0.0,0,0.5,0,3.0,0,42.0,0,0,1,0,1,0,1,0,1,0,1,0.0,0,0,1,7.0,0
2021/6/26,0,1,0,1,0.0,0,0.0,0,4.5,0,1.0,0,34.0,0,0.0,0,0,1,0.0,0,0.0,0.0,0,0.0,0,0.0,0,0.0,0,21.0,0,0.0,0,0.0,0,0.0,0,0.0,0,0.0,0,0.0,0,1.0,0,0.5,0.0,0,0.0,0,0.0,0,0.0,0,0.0,0,0.0,0,0,1,0.0,0,14.0,0,0.0,0,0.0,0,2.0,0,0.0,0,0.0,0,31.5,0,0.0,0,0.0,0,0.0,0,1.0,0,0.5,0,2.0,0,0.0,0,0.0,0
2021/6/27,0,1,0,1,0.0,0,0,1,0.0,0,0.0,0,0.0,0,0.0,0,0.0,0,0.0,0,0.0,0.0,0,0.0,0,0.0,0,0.0,0,1.0,0,1.5,0,0.0,0,5.0,0,0.0,0,0.0,0,5.0,0,0.0,0,1.0,0.0,0,0.0,0,0.5,0,0.0,0,0.0,0,0.0,0,0.5,0,1.5,0,0.5,0,3.5,0,0.0,0,0.5,0,0.0,0,1.0,0,8.0,0,0.0,0,4.0,0,0.0,0,12.5,0,4.0,0,21.0,0,28.5,0,17.5,0
2021/6/28,0,1,0,1,0,1,0,1,0.0,0,0.0,0,0.0,0,0,1,1.5,0,0.0,0,0.0,0.0,0,0.0,0,0.0,0,1.5,0,2.5,0,0,1,4.5,0,0.0,0,1.0,0,1.0,0,0,1,0.0,0,0.0,3.5,0,0.5,0,0.0,0,0.0,0,0.0,0,1.0,0,0.0,0,0.0,0,0,1,0.0,0,13.5,0,0.5,0,11.0,0,10.5,0,3.5,0,0.0,0,0.0,0,0.5,0,0.5,0,0.5,0,45.5,0,70.0,0,56.5,0
2021/6/29,0.0,0,0.0,0,0.0,0,0.0,0,9.0,0,17.5,0,25.0,0,22.0,0,34.0,0,22.0,0,54.5,53.0,0,104.5,0,22.0,0,28.5,0,16.0,0,0.0,0,9.0,0,6.0,0,8.5,0,9.0,0,14.0,0,2.0,0,6.0,5.0,0,3.5,0,4.5,0,6.5,0,5.5,0,14.0,0,3.5,0,31.5,0,0.0,0,0,1,0,1,0,1,1.5,0,6.0,0,0.5,0,0,1,0,1,0,1,0,1,0,1,0.0,0,0.0,0,213.0,0
2021/6/30,0,1,0.0,0,0,1,0,1,0.0,0,0,1,0.0,0,1.0,0,0.0,0,3.0,0,1.0,3.0,0,5.0,0,0.5,0,4.5,0,0.0,0,0.0,0,0.0,0,0.0,0,3.5,0,3.0,0,0,1,0.0,0,7.5,7.0,0,8.0,0,22.0,0,28.0,0,5.0,0,16.0,0,0.0,0,1.0,0,0.0,0,0.0,0,0.0,0,0.0,0,7.5,0,3.5,0,3.0,0,0,1,0.0,0,0,1,0,1,0,1,2.0,0,0,1,71.5,0
2021/7/1,0.0,0,0.0,0,0,1,0.0,0,0.0,0,4.5,0,1.0,0,23.0,0,52.0,0,22.0,0,35.0,64.5,0,24.5,0,45.5,0,78.0,0,0.0,0,0.0,0,99.5,0,2.5,0,22.0,0,34.5,0,1.5,0,0.0,0,22.0,85.0,0,27.5,0,56.5,0,28.5,0,24.5,0,22.0,0,0.0,0,2.5,0,0,1,1.0,0,4.0,0,16.0,0,2.5,0,11.0,0,17.5,0,0,1,15.5,0,0,1,0.0,0,0,1,7.0,0,28.5,0,1.0,0
2021/7/2,0.0,0,0,1,0,1,0,1,0.0,0,2.0,0,2.0,0,27.5,0,121.5,0,23.5,0,58.5,68.0,0,15.5,0,73.5,0,109.5,0,15.5,0,0.5,0,187.5,0,3.0,0,25.5,0,27.5,0,4.0,0,17.0,0,22.0,19.0,0,13.5,0,19.0,0,8.5,0,11.0,0,27.5,0,0.0,0,0.0,0,0.0,0,0.0,0,2.5,0,0.0,0,1.0,0,8.5,0,0.5,0,0.0,0,1.5,0,0.0,0,0.0,0,0,1,0.5,0,0.0,0,0.0,0
2021/7/3,0,1,0.0,0,0.0,0,1.0,0,2.0,0,3.5,0,0.5,0,4.0,0,81.0,0,5.0,0,32.5,53.5,0,6.0,0,54.5,0,125.0,0,0.0,0,1.0,0,100.5,0,0.5,0,14.0,0,20.5,0,0.0,0,1.5,0,51.0,40.5,0,16.0,0,1.0,0,8.0,0,1.5,0,113.5,0,3.5,0,2.5,0,4.5,0,2.5,0,2.0,0,1.5,0,1.0,0,20.0,0,3.5,0,8.5,0,3.5,0,12.0,0,5.0,0,4.5,0,0.5,0,58.0,0,0,1
2021/7/4,0,1,1.5,0,24.0,0,14.5,0,3.5,0,6.5,0,6.0,0,3.5,0,11.5,0,4.0,0,16.5,17.5,0,7.5,0,1.5,0,10.5,0,3.5,0,18.5,0,6.5,0,10.0,0,2.0,0,0.5,0,20.5,0,9.5,0,0.5,0.0,0,0.0,0,0,1,0.5,0,0.5,0,1.0,0,1.5,0,0.5,0,4.0,0,1.5,0,1.0,0,0.0,0,0.0,0,0.0,0,0.0,0,0.0,0,0.0,0,0.5,0,0.5,0,0.0,0,0.0,0,0.5,0,0.0,0
2021/7/5,0.5,0,7.0,0,12.0,0,16.5,0,0.5,0,2.0,0,2.0,0,14.0,0,1.5,0,12.5,0,3.0,2.5,0,5.0,0,2.0,0,2.0,0,17.5,0,13.0,0,0.0,0,46.5,0,17.5,0,11.0,0,39.0,0,48.5,0,1.0,0.0,0,0.0,0,0,1,0.0,0,0.0,0,3.0,0,9.5,0,0.0,0,57.0,0,1.5,0,1.5,0,0.0,0,0.0,0,0,1,1.0,0,1.0,0,0.0,0,9.5,0,0.0,0,0.0,0,0,1,0.0,0,0,1
2021/7/6,4.5,0,0.0,0,4.5,0,0,1,4.5,0,0.0,0,7.5,0,0.0,0,0.0,0,1.0,0,0.0,0.5,0,0.5,0,0.0,0,1.0,0,0.5,0,43.5,0,0.0,0,10.5,0,0.0,0,10.0,0,25.5,0,22.0,0,0.0,0.0,0,0.0,0,0.0,0,0.0,0,0.0,0,0.0,0,9.5,0,0.0,0,2.5,0,0.0,0,0.0,0,0.0,0,0,1,0.0,0,0.0,0,0.0,0,0.0,0,3.0,0,0.0,0,0.0,0,0,1,0.0,0,0.0,0
2021/7/7,2.0,0,0.0,0,0.0,0,10.0,0,37.5,0,33.5,0,43.5,0,0.0,0,0.5,0,0.5,0,0.5,0.5,0,9.0,0,0.0,0,1.0,0,0.0,0,24.5,0,0.0,0,6.5,0,40.0,0,25.0,0,7.0,0,42.0,0,65.0,27.5,0,61.0,0,0.0,0,56.0,0,57.5,0,72.0,0,204.0,0,19.5,0,174.5,0,45.0,0,5.0,0,0.5,0,1.0,0,1.0,0,0.0,0,0.0,0,0.0,0,3.0,0,0.5,0,0.0,0,0,1,0.0,0,0.0,0
2021/7/8,0,1,0.0,0,0.0,0,2.5,0,0.0,0,4.5,0,5.0,0,73.0,0,6.0,0,8.0,0,8.0,7.5,0,5.5,0,16.5,0,4.5,0,6.5,0,0.0,0,1.5,0,12.5,0,39.5,0,21.0,0,21.0,0,43.5,0,13.5,12.0,0,41.0,0,29.0,0,64.0,0,60.5,0,24.5,0,54.0,0,77.0,0,77.5,0,185.5,0,22.5,0,0.5,0,58.5,0,15.0,0,0.0,0,2.0,0,2.0,0,4.0,0,19.0,0,15.0,0,1.5,0,4.5,0,0,1
2021/7/9,0,1,0.5,0,1.5,0,3.0,0,11.5,0,54.0,0,15.0,0,1.5,0,2.5,0,16.0,0,7.0,9.0,0,13.5,0,16.0,0,6.5,0,3.5,0,50.5,0,5.0,0,42.0,0,57.0,0,51.0,0,20.0,0,20.5,0,7.0,29.5,0,17.5,0,15.0,0,4.0,0,5.0,0,3.5,0,25.0,0,25.0,0,20.5,0,41.5,0,68.5,0,38.0,0,10.5,0,12.0,0,5.0,0,28.5,0,24.0,0,27.0,0,65.0,0,11.5,0,12.5,0,33.5,0,0,1
2021/7/10,0.0,0,53.0,0,5.0,0,21.0,0,9.5,0,11.5,0,0.5,0,39.0,0,0.0,0,19.5,0,17.0,4.5,0,10.5,0,0,1,0.0,0,23.5,0,5.0,0,0,1,4.0,0,1.0,0,7.0,0,3.5,0,13.0,0,2.0,0.0,0,0,1,0.0,0,0.0,0,0.0,0,2.5,0,47.5,0,1.5,0,0.0,0,0.0,0,0.0,0,2.5,0,0.0,0,0.0,0,0.0,0,2.5,0,8.5,0,7.5,0,19.0,0,15.5,0,4.5,0,34.5,0,0,1
2021/7/11,0.0,0,1.0,0,126.0,0,1.5,0,21.0,0,6.5,0,10.0,0,31.5,0,17.0,0,,0,26.5,17.5,0,17.0,0,0,1,1.5,0,3.5,0,26.0,0,0,1,37.5,0,1.5,0,0.0,0,1.5,0,0.0,0,15.0,0,1,0.0,0,0,1,0.0,0,0.0,0,0.5,0,0.0,0,5.0,0,0.0,0,0.0,0,0.5,0,0,1,0,1,0.0,0,0.0,0,0.0,0,0.0,0,6.0,0,50.0,0,6.5,0,0.0,0,0.0,0,2.0,0
2021/7/12,0.0,0,0,1,29.5,0,24.0,0,2.0,0,8.5,0,2.5,0,18.0,0,0.0,0,,0,2.0,0.0,0,33.0,0,0.0,0,0.0,0,7.5,0,41.0,0,0.0,0,6.0,0,0.5,0,4.5,0,0.0,0,4.0,0,0.5,42.0,0,0.5,0,5.0,0,0.5,0,2.0,0,3.0,0,13.0,0,18.5,0,124.5,0,37.0,0,0.0,0,0.0,0,11.5,0,18.0,0,35.5,0,0,1,0.0,0,18.5,0,0.0,0,3.5,0,0.0,0,11.0,0,27.5,0
2021/7/13,0,1,0,1,0.0,0,11.0,0,1.0,0,0.0,0,0.0,0,0.0,0,0.0,0,42.5,0,0.0,0.0,0,12.0,0,21.5,0,0.5,0,0.5,0,1.0,0,6.0,0,0,1,0,1,0,1,0.0,0,0.0,0,0.0,0,1,0.0,0,0,1,0.0,0,0,1,3.5,0,0.0,0,7.5,0,0,1,0.0,0,0,1,0,1,0.0,0,0,1,0.0,0,0,1,0.0,0,0,1,0.0,0,0.0,0,11.0,0,5.0,0,0.0,0
2021/7/14,0,1,0,1,0,1,0,1,1.0,0,0,1,0,1,0,1,0,1,9.5,0,11.5,0.0,0,60.5,0,4.0,0,0.0,0,2.5,0,0,1,5.0,0,1.5,0,0.5,0,15.5,0,0,1,0.0,0,3.0,17.5,0,0.0,0,0.0,0,51.5,0,11.5,0,10.5,0,0,1,0.0,0,0.0,0,0.0,0,7.0,0,0,1,0,1,0,1,10.0,0,0,1,0.0,0,3.0,0,24.0,0,4.5,0,7.5,0,0.0,0,0.0,0
2021/7/15,0,1,0,1,0,1,0,1,0,1,0.0,0,0.0,0,3.0,0,27.5,0,2.5,0,33.5,0.0,0,14.5,0,6.5,0,0.0,0,0.0,0,0.0,0,1.5,0,22.5,0,7.5,0,40.5,0,3.5,0,0.5,0,0.5,12.5,0,28.5,0,11.5,0,39.5,0,3.0,0,38.5,0,0.5,0,0.0,0,15.0,0,30.0,0,0.0,0,1.5,0,0.0,0,0.0,0,13.5,0,2.0,0,8.5,0,0.5,0,0.0,0,0.0,0,0,1,3.0,0,0,1
2021/7/16,0,1,0,1,0,1,0.0,0,0,1,0,1,0,1,0,1,0,1,0,1,0.0,0,1,0,1,0,1,0.0,0,0,1,0.0,0,0.0,0,0.0,0,0.0,0,0.0,0,0,1,0.0,0,15.0,17.5,0,15.0,0,6.5,0,7.5,0,7.0,0,10.0,0,0.0,0,0.5,0,0.0,0,3.5,0,0.0,0,6.0,0,5.5,0,8.5,0,80.0,0,0.0,0,0.0,0,0.0,0,2.5,0,0.0,0,90.5,0,4.0,0,0.0,0
2021/7/17,0,1,0,1,0,1,0.0,0,0,1,0,1,0,1,0,1,0,1,0,1,0.0,0,1,0,1,0,1,0.0,0,0,1,0,1,0,1,0,1,0,1,0,1,0,1,0,1,0.0,0.0,0,0.0,0,0.0,0,0.0,0,0.0,0,0.0,0,0.0,0,0.5,0,0.0,0,7.5,0,0.5,0,41.0,0,6.0,0,0.0,0,6.0,0,1.0,0,40.5,0,2.0,0,11.0,0,0.5,0,65.5,0,2.5,0,0.0,0
2021/7/18,0,1,0,1,0,1,0,1,0,1,0,1,0,1,0,1,0,1,0,1,0.0,0,1,0,1,0,1,0.0,0,0.0,0,0,1,0,1,0,1,0.0,0,0,1,0.0,0,0,1,0.0,1.0,0,1.0,0,7.0,0,0.0,0,0.0,0,0.5,0,0.0,0,0.0,0,0.0,0,23.5,0,6.5,0,38.0,0,2.5,0,0.0,0,35.5,0,0.0,0,24.5,0,0.0,0,0.5,0,0.0,0,56.0,0,37.0,0,2.5,0
2021/7/19,0,1,0,1,0,1,0.0,0,0,1,0,1,0,1,0,1,0,1,0,1,0.0,0,1,0,1,0,1,0.0,0,0,1,0,1,0,1,0,1,0.0,0,0,1,0,1,0,1,0.0,0,1,0,1,0,1,0,1,0,1,0,1,0,1,0,1,0,1,0.0,0,0.0,0,1.5,0,0.0,0,0,1,0.0,0,0.0,0,5.0,0,0.0,0,0.0,0,0.5,0,23.5,0,0.5,0,0.5,0
2021/7/20,0,1,0,1,0,1,0,1,0,1,0,1,0,1,0,1,0,1,0.0,0,0.0,0,1,0,1,0.0,0,0,1,0,1,0,1,0,1,0,1,0,1,0,1,0,1,0,1,0.0,0,1,0,1,0,1,0,1,0,1,0,1,0,1,0,1,0,1,0,1,0,1,0,1,0,1,0,1,0,1,0,1,0,1,0,1,0,1,0,1,0.5,0,0.0,0,17.0,0
2021/7/21,0,1,0,1,0,1,0.0,0,0.5,0,0.0,0,0,1,0,1,0,1,0.0,0,0.0,0,1,0.0,0,2.0,0,0,1,0,1,0,1,0,1,0,1,0,1,0,1,0,1,0,1,0.0,0.0,0,0,1,0,1,0,1,0,1,0,1,0,1,0,1,0,1,0,1,0,1,0,1,0,1,0,1,0,1,0,1,0,1,0,1,0,1,0,1,16.0,0,0.0,0,34.5,0
2021/7/22,0,1,0,1,0,1,1.0,0,1.5,0,0.0,0,0.0,0,0,1,0,1,0.0,0,0.0,0,1,0,1,0.0,0,0,1,0,1,0.0,0,0,1,0,1,0.0,0,0,1,0,1,0,1,0.0,0,1,0,1,0,1,0,1,0,1,0,1,0,1,0,1,0,1,0,1,0,1,0,1,0,1,0,1,0,1,0,1,0,1,0,1,0.0,0,0,1,8.0,0,0.0,0,90.0,0
2021/7/23,0,1,0.0,0,0,1,0.0,0,0.0,0,1.0,0,0.5,0,0,1,0,1,33.0,0,0.0,0.0,0,0.0,0,6.5,0,0.0,0,0,1,0,1,0,1,0,1,0.0,0,0.0,0,0,1,0,1,0.0,0,1,0,1,0,1,0,1,0,1,0,1,0,1,0,1,0,1,0,1,0,1,0,1,0,1,0,1,0.0,0,0,1,0,1,0,1,0,1,0,1,13.0,0,0.0,0,115.0,0
2021/7/24,0,1,0.0,0,0,1,0,1,0,1,0,1,0.5,0,0,1,0,1,0,1,0.0,0.0,0,1.0,0,12.0,0,0,1,0,1,0,1,0.0,0,0,1,0.0,0,0.0,0,0,1,0.0,0,0.0,0.0,0,0,1,0.0,0,0.0,0,0,1,0,1,0.0,0,0,1,0,1,0,1,0,1,0,1,0,1,0,1,0,1,0,1,0,1,0,1,0,1,0,1,9.0,0,0.0,0,44.0,0
2021/7/25,0,1,0.0,0,0,1,0,1,0,1,0.0,0,0,1,0,1,0.0,0,0.0,0,0.0,0,1,0.0,0,0,1,0.0,0,0.0,0,0,1,0.0,0,0,1,0,1,0.0,0,0,1,0.5,0,0.0,0.0,0,0,1,0.0,0,0,1,0,1,0,1,4.5,0,0,1,0,1,0,1,0,1,0,1,0,1,0,1,0,1,0,1,0.0,0,0,1,0,1,0,1,2.0,0,0.0,0,0.0,0
2021/7/26,0,1,0.0,0,0,1,0,1,0.0,0,0.0,0,1.0,0,0.5,0,2.0,0,0.0,0,0.0,0.0,0,0.0,0,0,1,0.0,0,0,1,0,1,0,1,0,1,0,1,0,1,2.0,0,0,1,0.0,0,1,0,1,0,1,0,1,0,1,0,1,0,1,0,1,0,1,0,1,0,1,0,1,0,1,0,1,0,1,0,1,2.0,0,0.0,0,0.0,0,0,1,5.5,0,0,1,0.5,0
2021/7/27,0.0,0,0.5,0,2.5,0,2.0,0,3.5,0,6.0,0,18.0,0,4.5,0,20.5,0,4.0,0,18.5,34.5,0,1.0,0,4.5,0,27.0,0,7.0,0,2.0,0,0.5,0,5.5,0,0.0,0,0.0,0,1.5,0,0.0,0,0.0,0,1,0,1,0,1,0,1,0,1,0,1,6.5,0,0,1,0,1,0,1,0,1,0,1,0,1,0,1,0,1,0,1,0,1,0,1,0.0,0,0,1,0,1,0,1,0.0,0
2021/7/28,0,1,2.5,0,24.5,0,20.0,0,12.5,0,35.5,0,2.5,0,67.0,0,11.5,0,29.5,0,1.5,0.0,0,55.0,0,0.0,0,0,1,0,1,0.0,0,0.0,0,1.0,0,0.0,0,0,1,9.0,0,21.0,0,0.0,0,1,0,1,0,1,0,1,0,1,9.5,0,0.0,0,0,1,0.0,0,0,1,0,1,0,1,0,1,0,1,0.0,0,0,1,0,1,0,1,0,1,0,1,0,1,0,1,1.0,0
2021/7/29,0.5,0,0.0,0,20.5,0,26.5,0,3.0,0,8.0,0,10.0,0,2.5,0,0,1,7.5,0,0.0,0,1,83.5,0,1.0,0,0.0,0,23.0,0,0.0,0,0.0,0,7.5,0,0.0,0,40.5,0,0,1,107.0,0,0.0,0,1,0.0,0,0,1,0,1,0,1,0,1,1.0,0,0,1,0.0,0,0,1,0,1,0,1,0,1,0,1,0,1,0,1,0,1,0,1,0,1,0,1,0,1,0,1,1.0,0
2021/7/30,0,1,0.0,0,0.0,0,0.5,0,0.0,0,0.0,0,2.0,0,0.0,0,40.0,0,8.0,0,0.0,30.0,0,5.0,0,66.0,0,1.0,0,0.0,0,0.0,0,16.5,0,0,1,2.0,0,2.0,0,0,1,0.0,0,0.0,0,1,0.0,0,0,1,0,1,0,1,1.0,0,0,1,0,1,0,1,0,1,0,1,0,1,0,1,0,1,0,1,0,1,0,1,0,1,0,1,0,1,0,1,0,1,0,1
2021/7/31,0,1,0.0,0,0,1,0.0,0,0.0,0,1.5,0,0.5,0,0.0,0,0.0,0,0,1,0.0,0,1,0.0,0,13.5,0,0,1,0.0,0,0,1,6.0,0,0,1,9.5,0,1.5,0,0.0,0,0,1,0.0,4.0,0,2.5,0,0,1,0.0,0,0.0,0,43.5,0,0,1,0,1,0,1,0,1,3.5,0,0,1,0.0,0,0,1,0,1,0.0,0,0,1,1.5,0,18.5,0,0.0,0,0,1,0.0,0,1.0,0
2021/8/1,0.0,0,0.5,0,9.0,0,2.5,0,1.0,0,9.5,0,0.0,0,0,1,0.0,0,0,1,0.0,0,1,0,1,4.0,0,0,1,0,1,0.0,0,0,1,0,1,1.0,0,3.0,0,0.0,0,0,1,0.0,0.0,0,0.0,0,0,1,0,1,0,1,0,1,0,1,0,1,0.0,0,0,1,1.0,0,0.0,0,0,1,0,1,0,1,17.0,0,1.0,0,19.5,0,35.5,0,26.0,0,0.5,0,0.5,0,1.5,0
2021/8/2,0.0,0,0,1,0,1,0.0,0,0,1,0,1,0.0,0,0.5,0,1.0,0,0.0,0,0.5,0.5,0,0.0,0,0.0,0,0.5,0,0,1,0,1,2.5,0,0,1,0.0,0,0.0,0,0,1,0,1,0.0,0.0,0,0.0,0,0.0,0,0.0,0,0,1,0.0,0,0,1,0,1,0,1,0,1,1.0,0,0,1,0,1,0,1,0.0,0,0.5,0,0.0,0,41.0,0,68.0,0,1.0,0,0.0,0,0,1,0.0,0
2021/8/3,0,1,0,1,0,1,0.0,0,0.0,0,0,1,0,1,0.0,0,0.0,0,0.0,0,0.0,3.0,0,3.0,0,0.0,0,8.5,0,0,1,0,1,2.5,0,0,1,14.5,0,20.0,0,0.0,0,4.0,0,33.0,16.5,0,8.5,0,17.5,0,5.0,0,36.0,0,4.0,0,0.0,0,0,1,0,1,0,1,0,1,0,1,0,1,0,1,0.0,0,84.5,0,0,1,7.0,0,6.0,0,0.0,0,0.0,0,0.0,0,0.5,0
2021/8/4,7.5,0,0.0,0,0,1,0.0,0,2.5,0,0.0,0,9.5,0,0,1,0,1,0.0,0,0.0,0,1,0,1,0.0,0,0,1,0,1,0,1,0.0,0,0,1,0,1,0,1,0,1,0,1,0.0,0.0,0,0,1,0,1,0,1,0,1,0,1,0,1,0,1,0,1,0,1,0,1,0,1,0,1,0.0,0,0,1,0.0,0,0.5,0,0.5,0,0,1,0,1,6.5,0,1.0,0,3.5,0
2021/8/5,0.0,0,0,1,0,1,0,1,0.0,0,0,1,2.0,0,0,1,0,1,0.0,0,0.0,0,1,0,1,0,1,0,1,0,1,0,1,0.0,0,0,1,0,1,0,1,0.5,0,0.0,0,0.0,0,1,0,1,0,1,0,1,0,1,0,1,0,1,0,1,0,1,0,1,0,1,0,1,0,1,0,1,0.0,0,0,1,0,1,0,1,0,1,0,1,0.0,0,0,1,24.0,0
2021/8/6,0.0,0,0,1,0,1,0,1,0,1,0,1,0,1,0,1,0,1,0.0,0,0.0,0,1,0.0,0,0,1,0,1,0,1,0,1,0,1,0.0,0,0,1,0.0,0,0.0,0,0,1,0.0,0.0,0,0.5,0,0.0,0,0.0,0,0.0,0,0.0,0,0,1,0,1,0,1,0,1,0.0,0,0.0,0,0.0,0,4.0,0,3.5,0,0.0,0,1.5,0,0.0,0,0.0,0,0,1,32.0,0,0.0,0,9.0,0
2021/8/7,0,1,0,1,0,1,0.0,0,0.0,0,0.0,0,5.0,0,7.5,0,2.5,0,6.5,0,12.0,2.0,0,7.5,0,0,1,8.0,0,0.0,0,0.0,0,0.0,0,1.0,0,0,1,0,1,0.5,0,0.0,0,0.0,4.0,0,0.0,0,1.5,0,0.0,0,0.0,0,0.0,0,24.0,0,0.0,0,6.5,0,0,1,0.0,0,0.0,0,0.0,0,0.0,0,1.0,0,0,1,0.5,0,18.0,0,39.0,0,6.0,0,23.0,0,5.5,0,0.0,0
2021/8/8,0,1,0.0,0,0,1,15.0,0,3.5,0,2.0,0,12.5,0,82.5,0,128.5,0,15.0,0,35.0,90.5,0,17.0,0,9.0,0,106.0,0,0.0,0,0.0,0,7.0,0,23.0,0,0.0,0,0,1,0.0,0,0.0,0,0.0,0,1,0,1,0,1,0,1,0,1,0,1,0.5,0,5.0,0,20.5,0,46.5,0,37.0,0,66.5,0,11.5,0,10.0,0,59.0,0,58.5,0,164.0,0,85.0,0,71.0,0,81.0,0,60.0,0,47.0,0,25.0,0
2021/8/9,10.5,0,8.0,0,0.0,0,1.0,0,10.0,0,20.5,0,7.0,0,1.5,0,3.5,0,0.0,0,0.0,2.0,0,4.0,0,10.5,0,5.0,0,2.0,0,5.0,0,21.5,0,20.5,0,8.5,0,5.0,0,40.0,0,40.0,0,12.5,4.0,0,12.5,0,14.0,0,10.5,0,13.5,0,39.0,0,55.0,0,33.5,0,139.5,0,119.5,0,44.5,0,26.0,0,26.5,0,27.5,0,9.0,0,27.0,0,10.0,0,13.5,0,18.5,0,10.5,0,0.5,0,10.0,0,26.5,0
2021/8/10,52.5,0,32.5,0,31.0,0,26.0,0,2.5,0,0.5,0,0.0,0,0,1,0,1,0,1,0.0,0.0,0,0,1,0.0,0,0.0,0,0.0,0,18.5,0,0.0,0,43.0,0,0.0,0,0.0,0,22.5,0,38.5,0,0.0,0.0,0,0.0,0,0,1,0,1,0,1,0.0,0,18.5,0,0,1,0.5,0,0,1,0.0,0,0,1,0,1,0,1,0,1,7.0,0,0,1,0,1,0.5,0,2.0,0,0.0,0,0.0,0,11.0,0
2021/8/11,3.0,0,0.5,0,0.5,0,0.0,0,0.0,0,0.5,0,0.0,0,0.0,0,0,1,0.0,0,0.0,0,1,0,1,0,1,0.0,0,0,1,0.0,0,0,1,0.0,0,0.0,0,0.0,0,2.5,0,1.5,0,0.0,0.0,0,0.0,0,0.0,0,0.0,0,0.0,0,0,1,0.0,0,0.0,0,0.0,0,1.5,0,5.5,0,4.0,0,0.0,0,0.0,0,1.0,0,50.5,0,30.0,0,117.0,0,152.0,0,104.0,0,33.0,0,29.0,0,0,1
2021/8/12,0,1,0.5,0,5.0,0,0.0,0,0.0,0,3.0,0,1.0,0,1.0,0,0.0,0,43.0,0,9.5,0.5,0,28.0,0,1.5,0,0.5,0,9.0,0,0.0,0,18.5,0,34.0,0,4.5,0,24.5,0,33.5,0,0.0,0,24.5,44.5,0,76.5,0,28.0,0,54.0,0,14.5,0,42.5,0,4.5,0,30.0,0,20.5,0,66.0,0,84.5,0,69.0,0,11.5,0,24.5,0,53.0,0,90.5,0,145.5,0,194.0,0,199.0,0,184.5,0,48.0,0,86.5,0,0.5,0
2021/8/13,0,1,0.0,0,3.5,0,7.0,0,6.5,0,28.0,0,41.5,0,57.5,0,8.5,0,72.5,0,19.5,20.5,0,33.5,0,46.5,0,12.5,0,52.5,0,17.5,0,25.0,0,74.5,0,88.5,0,101.5,0,71.5,0,51.5,0,92.5,16.5,0,38.5,0,36.5,0,43.5,0,79.0,0,72.5,0,68.5,0,55.5,0,101.0,0,155.5,0,98.0,0,52.5,0,45.5,0,26.0,0,93.0,0,108.5,0,36.0,0,306.0,0,110.0,0,159.0,0,37.0,0,80.0,0,1.5,0
2021/8/14,0,1,0.0,0,0.0,0,3.0,0,19.0,0,37.5,0,67.0,0,76.0,0,25.0,0,68.5,0,15.0,77.0,0,64.0,0,23.0,0,27.0,0,83.0,0,20.5,0,24.5,0,50.0,0,139.5,0,33.5,0,37.5,0,79.0,0,79.5,8.0,0,17.0,0,57.5,0,19.0,0,29.5,0,127.5,0,157.5,0,56.5,0,85.5,0,205.5,0,197.0,0,54.0,0,15.5,0,32.5,0,25.5,0,231.5,0,35.0,0,214.5,0,41.5,0,111.0,0,22.5,0,35.0,0,0,1
2021/8/15,0.0,0,0.0,0,0.0,0,0.5,0,3.5,0,8.5,0,19.0,0,49.5,0,60.5,0,38.5,0,34.5,138.5,0,39.0,0,27.0,0,80.0,0,27.5,0,1.5,0,8.0,0,19.0,0,25.0,0,26.5,0,15.0,0,19.0,0,37.0,31.0,0,21.0,0,11.5,0,34.0,0,17.5,0,38.5,0,13.5,0,42.5,0,2.0,0,1.0,0,0.0,0,14.5,0,35.0,0,4.0,0,31.0,0,0.5,0,30.0,0,0.0,0,22.5,0,1.5,0,20.5,0,31.5,0,0.0,0
2021/8/16,0.5,0,0.0,0,0,1,0.0,0,0.0,0,0.5,0,0.0,0,0.0,0,0.5,0,0.0,0,0.5,2.0,0,0.0,0,4.0,0,4.5,0,0,1,0,1,9.5,0,0,1,5.5,0,3.0,0,0,1,0.0,0,0.0,6.0,0,0.0,0,0.0,0,0.0,0,0.0,0,0.0,0,2.0,0,1.5,0,14.0,0,9.0,0,23.0,0,6.0,0,1.0,0,1.0,0,4.5,0,16.5,0,15.5,0,67.5,0,80.0,0,98.0,0,21.5,0,152.0,0,0,1
2021/8/17,0,1,10.5,0,5.5,0,24.0,0,9.0,0,21.0,0,16.0,0,3.5,0,1.0,0,7.5,0,2.0,23.5,0,15.0,0,33.5,0,9.5,0,5.0,0,16.5,0,17.0,0,31.5,0,75.5,0,47.5,0,32.5,0,46.5,0,34.0,15.5,0,23.5,0,183.0,0,65.0,0,98.0,0,49.0,0,18.5,0,3.5,0,63.0,0,36.0,0,23.0,0,8.0,0,15.0,0,43.5,0,65.5,0,85.0,0,14.5,0,103.5,0,110.0,0,85.5,0,16.0,0,124.0,0,0,1
2021/8/18,22.5,0,27.0,0,1.5,0,11.0,0,0.5,0,3.0,0,0.0,0,0.5,0,0,1,3.5,0,7.0,3.0,0,7.0,0,29.0,0,11.5,0,2.5,0,0.0,0,64.5,0,3.5,0,11.0,0,4.0,0,2.5,0,7.5,0,36.0,12.5,0,55.0,0,49.5,0,38.5,0,53.5,0,30.5,0,2.5,0,9.5,0,16.5,0,11.0,0,0.5,0,13.5,0,17.0,0,40.5,0,51.5,0,6.5,0,8.5,0,15.5,0,33.5,0,39.5,0,77.0,0,101.0,0,1.0,0
2021/8/19,0.0,0,0.0,0,0,1,0,1,0,1,0.0,0,0.0,0,0,1,0.0,0,0.0,0,0.0,0.0,0,3.0,0,4.5,0,0.5,0,0.5,0,0.0,0,31.5,0,0.0,0,28.0,0,39.0,0,0.5,0,13.0,0,32.5,42.5,0,34.0,0,44.5,0,37.0,0,24.5,0,26.0,0,4.5,0,19.5,0,1.0,0,18.5,0,0.0,0,17.5,0,20.5,0,64.5,0,227.0,0,0.5,0,8.0,0,0.5,0,0.0,0,0.0,0,4.0,0,0.0,0,0.5,0
2021/8/20,0,1,0.0,0,0,1,0,1,0.0,0,0,1,0.0,0,0,1,0,1,0,1,0.0,0,1,2.5,0,1.0,0,0.0,0,1.5,0,0.5,0,10.5,0,2.0,0,9.0,0,35.0,0,0,1,0.0,0,4.0,16.5,0,18.5,0,24.0,0,4.5,0,1.5,0,8.5,0,3.0,0,10.5,0,2.0,0,4.5,0,55.5,0,36.5,0,11.5,0,36.5,0,45.5,0,0.0,0,8.0,0,,,5.5,0,0.0,0,49.0,0,93.0,0,0.0,0
2021/8/21,0,1,0.0,0,0.0,0,0.0,0,3.5,0,1.0,0,4.5,0,0.0,0,0,1,0.0,0,0.0,0.0,0,1.5,0,3.5,0,0.0,0,0.0,0,0.0,0,1.0,0,0.0,0,0.0,0,1.0,0,0.0,0,0.0,0,0.0,1.0,0,1.0,0,5.5,0,0.0,0,0.0,0,0.0,0,2.0,0,0.0,0,8.0,0,11.5,0,7.5,0,1.0,0,1.0,0,33.5,0,151.0,0,30.0,0,2.5,0,,,0.0,0,0.0,0,0.5,0,2.5,0,1.5,0
2021/8/22,0.5,0,7.5,0,23.0,0,14.5,0,7.0,0,1.0,0,1.0,0,0.0,0,0.0,0,35.0,0,0.0,0.0,0,0.0,0,0.5,0,0.0,0,0.5,0,22.5,0,3.0,0,1.0,0,3.0,0,1.0,0,3.0,0,0.5,0,0.0,4.0,0,0.0,0,0.5,0,0.0,0,0.5,0,2.0,0,0.5,0,0.5,0,3.5,0,9.5,0,34.5,0,0.0,0,0.5,0,6.5,0,0.5,0,35.5,0,0.0,0,0.5,0,0.0,0,0.5,0,0.0,0,0.0,0,3.0,0
2021/8/23,5.5,0,3.0,0,15.0,0,6.0,0,26.0,0,24.0,0,32.5,0,0.0,0,32.5,0,0.0,0,17.0,2.5,0,1.0,0,0.0,0,0.0,0,0.0,0,29.5,0,0.0,0,0.5,0,11.0,0,2.0,0,1.0,0,25.5,0,9.5,2.0,0,0.5,0,0,1,0.5,0,0.0,0,16.5,0,3.0,0,0.0,0,14.0,0,0.5,0,0.0,0,0.0,0,1.5,0,0.0,0,0.0,0,0.5,0,0.0,0,0.5,0,0.0,0,1.0,0,8.5,0,0,1,0.5,0
2021/8/24,0.0,0,1.0,0,14.0,0,4.0,0,5.0,0,13.0,0,16.5,0,0.5,0,0.0,0,4.5,0,,0.0,0,0.5,0,0.0,0,0.0,0,1.5,0,7.5,0,0.0,0,10.0,0,3.5,0,0.0,0,15.5,0,6.0,0,0.0,0.0,0,0.0,0,0.5,0,3.0,0,0.5,0,0.0,0,0.0,0,0,1,5.5,0,0.0,0,4.0,0,0.0,0,0,1,3.0,0,19.5,0,5.5,0,0,1,4.0,0,2.5,0,2.0,0,5.5,0,5.5,0,0.0,0
2021/8/25,5.0,0,62.5,0,21.0,0,41.5,0,5.0,0,8.0,0,1.0,0,0.5,0,0,1,1.0,0,0.0,0.0,0,2.0,0,0.0,0,0.0,0,7.5,0,7.0,0,0.5,0,9.5,0,0.5,0,0.5,0,11.5,0,4.5,0,0.0,0,1,0,1,0,1,0,1,0,1,0.0,0,10.5,0,0,1,0.0,0,0.0,0,5.0,0,0,1,0,1,0,1,0.0,0,19.0,0,0.0,0,4.0,0,0.0,0,1.5,0,0.0,0,0.0,0,0.0,0
2021/8/26,0.0,0,0.0,0,6.0,0,2.5,0,0.0,0,0,1,0.0,0,0,1,0,1,0.0,0,0.0,0.0,0,0.5,0,0,1,0,1,0.0,0,0.0,0,0,1,0,1,0,1,0.0,0,0.0,0,2.0,0,0.0,0,1,0,1,0,1,0,1,0,1,0,1,0.0,0,0.0,0,0.0,0,0,1,0.0,0,0.0,0,0,1,0,1,0,1,6.5,0,0.0,0,8.5,0,7.0,0,20.0,0,0,1,0,1,0.0,0
2021/8/27,0.5,0,0,1,0.5,0,0.0,0,0,1,0,1,0,1,0,1,0,1,23.5,0,0.0,0,1,0.0,0,0,1,0,1,0,1,0,1,0,1,0,1,0,1,0,1,0,1,0,1,0.0,0,1,0,1,0,1,0,1,0,1,0,1,0.0,0,0,1,0.0,0,0.0,0,2.0,0,0,1,0,1,0.0,0,0,1,0.0,0,0,1,0.0,0,0.5,0,0.5,0,0,1,0,1,0,1
2021/8/28,0,1,0.0,0,18.0,0,9.5,0,0.0,0,0,1,0.0,0,0,1,0,1,0.5,0,0.0,0.0,0,0.0,0,0,1,0,1,0,1,0.0,0,0,1,0.0,0,0,1,0,1,1.5,0,2.0,0,0.0,0,1,0,1,0,1,0,1,0,1,0.0,0,0.0,0,0,1,8.0,0,0,1,0,1,0,1,0,1,0,1,0,1,0,1,0,1,0,1,0,1,0,1,0,1,0,1,0.0,0
2021/8/29,0,1,0.0,0,0.5,0,0.0,0,0,1,0,1,0,1,0.0,0,0,1,0.0,0,0.0,0.0,0,0,1,0,1,0.0,0,0,1,0,1,0,1,0,1,0,1,0,1,0,1,0,1,0.0,0,1,0,1,0,1,0,1,0,1,0,1,0.0,0,0,1,0.5,0,0,1,0,1,0,1,0,1,0,1,0,1,0,1,0,1,0,1,0,1,0,1,0,1,0,1,0.0,0
2021/8/30,0.5,0,0.0,0,7.0,0,1.0,0,1.5,0,1.0,0,0.0,0,28.0,0,0,1,29.0,0,0.0,0.0,0,0.0,0,0,1,0.0,0,0,1,17.0,0,0.0,0,10.5,0,0,1,0,1,2.5,0,0.0,0,0.0,0,1,0,1,0,1,0.0,0,0,1,12.0,0,0.0,0,0,1,5.5,0,0,1,0.0,0,0,1,0,1,0,1,0,1,0,1,0,1,0,1,0,1,0,1,0,1,0,1,0.0,0
2021/8/31,0.0,0,0.5,0,11.5,0,2.5,0,0.0,0,0,1,0,1,4.0,0,0.0,0,17.0,0,90.0,17.0,0,0.0,0,0.0,0,0.0,0,0.0,0,0,1,0,1,0.0,0,0,1,0,1,0.0,0,0,1,0.0,0,1,0,1,0,1,0.0,0,0.0,0,0,1,0.0,0,0.0,0,0.0,0,0.0,0,0,1,0,1,0,1,0,1,0,1,0.0,0,0,1,0.0,0,0,1,0,1,0,1,0,1,0,1
2021/9/1,0,1,0,1,0,1,0,1,14.5,0,9.0,0,15.0,0,9.5,0,0.5,0,14.0,0,3.0,3.0,0,5.5,0,0.0,0,2.0,0,9.5,0,30.0,0,65.5,0,37.5,0,1.5,0,0.0,0,21.5,0,25.5,0,0.0,0,1,0,1,0,1,0,1,0.0,0,0.0,0,9.5,0,0.0,0,4.0,0,0,1,0.0,0,0,1,0,1,0,1,0,1,0,1,0,1,0,1,0,1,0.0,0,0,1,0,1,0,1
2021/9/2,0.0,0,0,1,0,1,0,1,3.5,0,4.0,0,4.0,0,12.5,0,15.5,0,10.5,0,25.0,18.5,0,8.5,0,28.0,0,19.5,0,8.5,0,2.0,0,24.0,0,27.5,0,14.5,0,6.5,0,20.5,0,37.0,0,11.5,29.5,0,31.0,0,14.0,0,29.0,0,39.0,0,16.0,0,17.5,0,33.5,0,13.5,0,33.0,0,26.0,0,5.0,0,40.5,0,17.0,0,0.0,0,29.5,0,6.5,0,33.5,0,8.0,0,17.0,0,0,1,0.0,0,2.5,0
2021/9/3,0,1,0,1,0,1,0,1,8.5,0,2.5,0,16.0,0,3.5,0,5.5,0,4.0,0,18.0,17.0,0,12.5,0,8.0,0,10.0,0,3.0,0,3.5,0,17.5,0,13.5,0,15.0,0,16.5,0,3.0,0,0.0,0,17.5,30.0,0,31.0,0,18.0,0,49.5,0,35.0,0,13.0,0,7.0,0,28.5,0,11.5,0,55.0,0,79.5,0,24.0,0,30.5,0,26.5,0,4.5,0,143.5,0,5.0,0,26.5,0,13.0,0,8.0,0,0,1,0.0,0,72.0,0
2021/9/4,30.0,0,0,1,0.0,0,0.0,0,16.0,0,57.5,0,32.0,0,4.5,0,24.5,0,44.5,0,27.0,14.0,0,34.0,0,51.0,0,20.5,0,6.5,0,8.5,0,2.0,0,1.5,0,59.0,0,26.0,0,13.0,0,1.0,0,11.0,1.5,0,13.0,0,0.5,0,21.5,0,3.5,0,5.0,0,12.5,0,13.5,0,1.0,0,23.0,0,11.0,0,3.0,0,10.0,0,0.0,0,6.5,0,0.5,0,0.0,0,0.0,0,3.5,0,23.0,0,0.0,0,0,1,1.5,0
2021/9/5,0,1,0.0,0,0.0,0,0.0,0,0.0,0,1.0,0,3.5,0,0.5,0,17.0,0,0.0,0,1.5,10.0,0,5.0,0,0.5,0,6.0,0,8.0,0,0.0,0,0.5,0,2.0,0,0,1,1.0,0,0.0,0,0,1,0.0,0.0,0,0,1,0,1,0,1,0,1,0,1,0.0,0,0,1,0.0,0,0.0,0,0.0,0,0.0,0,0.0,0,0.0,0,0.0,0,0.0,0,0.0,0,0.0,0,0.0,0,0.0,0,0,1,0.0,0,0.0,0
2021/9/6,0,1,0,1,0,1,0,1,2.0,0,3.0,0,7.0,0,0.5,0,7.0,0,2.5,0,7.5,8.5,0,4.0,0,10.0,0,7.0,0,4.5,0,16.5,0,2.0,0,0.0,0,0,1,0.5,0,0.0,0,0.0,0,0.0,0.0,0,0,1,0.0,0,0,1,0,1,0.0,0,2.0,0,0,1,15.0,0,0.0,0,0.0,0,0.0,0,0.0,0,0.0,0,0.0,0,0.0,0,0.0,0,0.0,0,0,1,0.0,0,0.0,0,14.5,0,0.0,0
2021/9/7,0,1,0,1,0,1,0,1,0,1,0.0,0,0,1,0,1,0,1,0,1,0.0,0,1,0.0,0,0,1,0.0,0,0,1,0,1,0,1,0,1,0.0,0,0.0,0,0,1,0,1,0.0,2.5,0,0.0,0,0.0,0,0.0,0,0.0,0,0.0,0,0,1,0.0,0,0.0,0,0.0,0,0.0,0,0.0,0,0.0,0,0.5,0,18.0,0,3.0,0,0.0,0,0.0,0,0,1,0.0,0,0,1,0,1,0.0,0
2021/9/8,0.0,0,0.0,0,3.0,0,2.5,0,9.5,0,10.0,0,11.0,0,1.5,0,2.5,0,3.0,0,1.5,0.5,0,4.0,0,0.0,0,1.5,0,11.0,0,10.0,0,0.0,0,24.0,0,18.0,0,5.0,0,21.5,0,16.0,0,4.0,1.5,0,0.5,0,4.0,0,0.5,0,13.0,0,4.5,0,38.5,0,0.5,0,34.5,0,10.5,0,10.5,0,0.0,0,16.0,0,26.0,0,31.0,0,14.0,0,0.0,0,18.0,0,2.5,0,29.5,0,1.5,0,5.0,0,0.0,0
2021/9/9,1.5,0,18.5,0,4.5,0,1.5,0,0.0,0,0.5,0,0.0,0,12.0,0,11.5,0,8.5,0,13.0,14.0,0,9.5,0,20.0,0,30.0,0,5.0,0,0.5,0,33.0,0,20.0,0,56.0,0,37.5,0,12.0,0,7.0,0,46.0,37.5,0,6.0,0,1.0,0,12.5,0,24.5,0,62.0,0,3.5,0,0.0,0,0.0,0,0,1,0,1,1.5,0,30.5,0,4.5,0,0,1,0,1,0.0,0,0,1,0,1,0,1,0,1,0,1,0,1
2021/9/10,0,1,0,1,0,1,0.0,0,0,1,0,1,0.0,0,0.0,0,0,1,0.0,0,0.0,0.0,0,0.0,0,0,1,0.0,0,0.0,0,0.0,0,0.0,0,0.0,0,0.0,0,0.0,0,0.0,0,0.0,0,0.0,0.0,0,0,1,0,1,0.0,0,0,1,0,1,0.0,0,0,1,0.0,0,0.0,0,0.0,0,0.0,0,0,1,0,1,0,1,0.0,0,0.0,0,0.5,0,0.0,0,0.0,0,0,1,0.0,0,5.0,0
2021/9/11,0,1,0,1,0.0,0,0.0,0,0.0,0,0.0,0,0.5,0,0.0,0,0.0,0,7.5,0,0.0,0.0,0,1.0,0,0.0,0,0.0,0,0.0,0,0.0,0,0.0,0,0.5,0,0.0,0,2.0,0,2.0,0,4.0,0,1.5,5.5,0,8.5,0,8.5,0,16.0,0,6.5,0,1.5,0,1.5,0,3.0,0,0,1,0.0,0,0.0,0,10.0,0,6.0,0,3.5,0,1.5,0,0.0,0,0.0,0,0.0,0,0.5,0,0.5,0,5.0,0,14.5,0,27.5,0
2021/9/12,13.0,0,2.0,0,1.5,0,0.0,0,0.0,0,0,1,0,1,0.0,0,0.0,0,0,1,0.0,0.0,0,0,1,0,1,1.0,0,0,1,0,1,1.0,0,0,1,0.0,0,0.0,0,0,1,0,1,0.0,7.0,0,9.5,0,3.0,0,2.5,0,0.5,0,0.0,0,0,1,0,1,0,1,0,1,0,1,0.0,0,0.0,0,2.5,0,1.5,0,0,1,0.0,0,0,1,2.0,0,15.0,0,29.5,0,66.0,0,3.5,0
2021/9/13,1.0,0,0.5,0,0.0,0,0,1,0,1,0,1,0,1,0,1,0,1,0,1,0.0,0,1,0.0,0,0,1,0,1,0,1,0,1,0,1,0.0,0,0,1,0,1,0,1,0,1,0.0,0,1,0.0,0,0.0,0,0,1,0,1,0,1,0.0,0,0.0,0,0.0,0,1.5,0,6.0,0,1.0,0,0.5,0,0.0,0,0.5,0,6.0,0,1.5,0,5.0,0,2.5,0,23.5,0,133.0,0,44.0,0,58.0,0
2021/9/14,0,1,0.0,0,0,1,0,1,0,1,0.0,0,0,1,0.0,0,20.5,0,0.0,0,0.5,5.5,0,0.0,0,2.5,0,13.5,0,0,1,0,1,1.0,0,0,1,5.0,0,7.5,0,0,1,0.0,0,11.5,9.5,0,6.5,0,6.0,0,6.5,0,7.5,0,9.5,0,2.5,0,20.0,0,6.5,0,23.5,0,12.5,0,9.5,0,6.5,0,6.5,0,20.0,0,29.0,0,28.5,0,20.5,0,23.0,0,24.5,0,98.0,0,26.5,0,26.5,0
2021/9/15,0,1,0.0,0,0,1,0,1,0,1,0.0,0,0.0,0,0.0,0,3.5,0,3.5,0,2.0,1.5,0,0.5,0,0.5,0,1.5,0,0,1,0.0,0,0.0,0,0,1,0.5,0,1.0,0,0,1,0,1,0.0,6.0,0,6.0,0,9.5,0,7.0,0,5.5,0,0.0,0,0.0,0,2.0,0,2.0,0,19.0,0,25.5,0,9.5,0,16.5,0,16.5,0,6.5,0,0.0,0,6.5,0,0.0,0,0.0,0,4.5,0,7.5,0,4.0,0,1.0,0
2021/9/16,0,1,0,1,0,1,0,1,0.0,0,0.0,0,10.0,0,0.0,0,0,1,0.0,0,0.0,0.0,0,2.5,0,0,1,0.5,0,0,1,0,1,0,1,0,1,0.0,0,0.0,0,0,1,0,1,0.0,0.0,0,0,1,0,1,0.0,0,0.0,0,0.0,0,0,1,0.0,0,0,1,0,1,0,1,0,1,0,1,0.0,0,0.0,0,0.0,0,2.0,0,0.0,0,0.0,0,0.5,0,287.0,0,0,1,0.5,0
2021/9/17,0.0,0,0.0,0,5.0,0,2.5,0,0.0,0,0.0,0,0.0,0,0.0,0,0,1,0.5,0,1.0,0.0,0,2.5,0,2.0,0,0.0,0,0.0,0,0.5,0,13.0,0,0.0,0,10.0,0,13.0,0,0.5,0,1.0,0,8.0,37.5,0,8.0,0,64.0,0,12.0,0,22.5,0,8.5,0,9.5,0,22.0,0,12.0,0,38.5,0,59.0,0,66.5,0,13.5,0,58.0,0,140.0,0,16.5,0,10.0,0,13.0,0,10.5,0,46.5,0,1.0,0,22.5,0,5.0,0
2021/9/18,0.0,0,13.5,0,22.0,0,46.5,0,11.5,0,21.5,0,5.5,0,32.5,0,23.0,0,48.5,0,61.5,124.5,0,19.5,0,17.5,0,76.5,0,5.5,0,20.0,0,59.5,0,9.5,0,42.5,0,46.5,0,10.5,0,13.5,0,31.0,69.5,0,16.5,0,62.5,0,31.5,0,29.0,0,30.5,0,14.0,0,2.0,0,9.5,0,0.5,0,0.0,0,6.0,0,7.5,0,34.5,0,11.0,0,1.0,0,0.0,0,0.0,0,0,1,0,1,0,1,0.0,0,0,1
2021/9/19,0,1,0,1,0,1,0,1,0,1,0,1,0,1,1.5,0,0.5,0,0,1,0.0,0.0,0,0,1,0.0,0,0.0,0,0.0,0,0.5,0,0,1,0.5,0,0.5,0,1.5,0,0,1,0,1,0.0,0.0,0,0.0,0,0,1,0,1,0,1,0.0,0,1.0,0,0,1,0.0,0,0,1,0,1,0,1,0,1,0.0,0,0,1,0,1,0,1,0,1,0,1,0,1,0,1,0,1,0,1
2021/9/20,0.0,0,0,1,0,1,0,1,0,1,0,1,0,1,0,1,0,1,0.0,0,0.0,0,1,0.0,0,0,1,0,1,0.0,0,0,1,0,1,0,1,14.5,0,0.0,0,0,1,0,1,0.0,0.0,0,0,1,0,1,0,1,0,1,0.0,0,0,1,0,1,0,1,0,1,0,1,0,1,0,1,0.0,0,0.0,0,0,1,0.0,0,0,1,0,1,0,1,0,1,0,1,0,1
2021/9/21,0.0,0,0,1,0,1,0,1,0,1,0,1,0,1,0,1,0,1,0,1,0.0,0,1,0,1,0,1,0,1,0,1,0,1,0.0,0,0,1,2.5,0,6.0,0,0,1,0,1,1.0,7.5,0,0.0,0,0.0,0,0.0,0,0.0,0,0.0,0,0.0,0,0.0,0,0,1,0.0,0,0.0,0,0,1,0,1,0.0,0,0,1,2.5,0,0.0,0,2.5,0,2.0,0,6.0,0,16.5,0,0,1,0.0,0
2021/9/22,1.5,0,1.5,0,27.5,0,9.5,0,24.0,0,13.5,0,15.5,0,0.0,0,1.0,0,0.0,0,0.5,1.0,0,5.5,0,3.0,0,0.0,0,4.5,0,27.0,0,27.0,0,18.0,0,15.0,0,6.5,0,49.5,0,29.5,0,0.5,13.5,0,23.5,0,0.5,0,1.0,0,0.5,0,2.0,0,7.0,0,0.0,0,5.0,0,16.5,0,0.0,0,0.0,0,1.0,0,27.0,0,5.5,0,1.0,0,0.0,0,30.5,0,27.0,0,6.0,0,0.0,0,3.0,0,3.5,0
2021/9/23,0.5,0,0.0,0,10.0,0,1.0,0,0.0,0,1.0,0,2.5,0,0.0,0,0.0,0,0.5,0,0.5,0.0,0,0.0,0,0.0,0,0.5,0,0,1,0,1,0.0,0,0.0,0,0,1,0,1,0.0,0,0,1,0.0,0,1,0,1,0,1,0,1,0.0,0,0,1,0.0,0,0.0,0,0.5,0,0.0,0,0.0,0,0,1,0,1,0,1,0,1,0,1,0,1,0,1,0,1,0,1,0,1,0,1,30.0,0
2021/9/24,4.0,0,9.0,0,0.0,0,3.0,0,0.0,0,0,1,0,1,0,1,0,1,0.0,0,2.0,0,1,0.0,0,0,1,0,1,0,1,2.5,0,0,1,0,1,0,1,0,1,0.0,0,0,1,0.0,0,1,0,1,0,1,0,1,0,1,0,1,0.0,0,0,1,0.0,0,0,1,0,1,0,1,0,1,0,1,0,1,0,1,0,1,0,1,0,1,0,1,0,1,0,1,0,1
2021/9/25,0,1,0,1,0,1,0,1,0,1,2.0,0,0.0,0,0.0,0,0,1,0.0,0,0.0,0.0,0,0.5,0,0,1,0.0,0,0.0,0,0,1,0.0,0,0,1,0,1,0.0,0,0,1,0.0,0,0.0,11.5,0,1.0,0,0,1,0.0,0,0,1,0.0,0,0.0,0,0,1,4.5,0,0,1,0,1,0,1,0,1,0,1,0,1,0,1,0,1,0,1,0,1,0,1,0.0,0,0,1,0.0,0
2021/9/26,0,1,0,1,0,1,0,1,0,1,0.0,0,0.0,0,0.0,0,0.0,0,0.0,0,0.0,0.0,0,4.5,0,4.5,0,0.0,0,18.0,0,0.0,0,7.0,0,22.0,0,31.0,0,47.0,0,5.5,0,6.5,0,27.5,43.5,0,14.5,0,0.0,0,2.5,0,0.5,0,27.0,0,0.0,0,0,1,3.0,0,0,1,0,1,0,1,0,1,1.0,0,0,1,0.0,0,0.0,0,0.0,0,0,1,0,1,0.0,0,0,1,0.0,0
2021/9/27,0,1,0,1,0,1,0,1,0,1,0.0,0,0,1,0,1,0,1,0.0,0,0.0,0.0,0,0.0,0,0,1,0.0,0,0.0,0,0,1,0,1,0,1,0,1,0,1,0.0,0,0,1,0.0,0.0,0,0,1,0,1,0.0,0,0,1,0,1,0,1,0.0,0,0.5,0,0.0,0,0.0,0,0.0,0,0.0,0,0.0,0,0.0,0,0.0,0,0.0,0,0.0,0,0,1,0,1,56.0,0,0.0,0,4.5,0
2021/9/28,0,1,0,1,0,1,0,1,0.0,0,0.0,0,0.0,0,0.0,0,0,1,0.0,0,0.0,0,1,0.0,0,0,1,0,1,0,1,0,1,0,1,0.0,0,0,1,0,1,0,1,0,1,0.0,0.0,0,0.0,0,0,1,0.0,0,0.0,0,0.0,0,0.0,0,0.0,0,0.0,0,0.0,0,0.0,0,0.0,0,0,1,0.0,0,0.0,0,0.0,0,0.0,0,0,1,0.0,0,0,1,42.5,0,0.0,0,0.0,0
2021/9/29,2.5,0,0.0,0,0,1,0,1,0,1,0.0,0,0,1,0,1,0.0,0,0,1,0.0,0.0,0,0,1,0,1,0.0,0,0,1,0,1,0.0,0,0.0,0,0,1,0,1,0.0,0,0.0,0,0.0,1.0,0,0,1,0,1,0.0,0,0,1,0,1,0,1,0,1,0.5,0,0.0,0,0,1,0,1,0,1,0.0,0,0.0,0,0.0,0,0.0,0,0,1,0,1,0,1,14.0,0,0.0,0,0.0,0
2021/9/30,19.0,0,10.5,0,2.5,0,0.0,0,0.0,0,0.0,0,0.0,0,1.0,0,6.5,0,0.5,0,1.0,4.5,0,1.0,0,2.5,0,7.5,0,0.0,0,0.0,0,1.5,0,0.0,0,0.0,0,0.0,0,0.0,0,0,1,0.0,1.5,0,0.0,0,0.0,0,0.0,0,0.0,0,0.0,0,0.0,0,0,1,0.0,0,0,1,0.0,0,0,1,0,1,0.0,0,0.0,0,0.0,0,0,1,0.0,0,0,1,0.0,0,0.5,0,0,1,0.0,0
2021/10/1,0.0,0,5.0,0,0.0,0,21.0,0,32.0,0,52.0,0,48.0,0,75.0,0,88.0,0,49.0,0,69.0,113.0,0,18.0,0,2.5,0,122.5,0,3.5,0,6.0,0,20.0,0,3.5,0,1.0,0,0.0,0,1.0,0,4.5,0,0.0,2.5,0,5.5,0,0.0,0,0.0,0,0.0,0,0.0,0,0.5,0,0,1,1.5,0,0,1,0,1,0,1,0,1,0,1,0,1,0.0,0,0,1,0.0,0,0,1,0,1,0,1,0,1,0.0,0
2021/10/2,14.0,0,0.0,0,0.0,0,0.0,0,0.0,0,0.0,0,0.0,0,6.0,0,6.5,0,0.0,0,0.0,2.0,0,0.0,0,0.0,0,19.5,0,0.0,0,19.5,0,0.0,0,0.0,0,0,1,0,1,0.0,0,0.0,0,0.0,0,1,0,1,0,1,0.0,0,0,1,0.0,0,0,1,0,1,0,1,0,1,0,1,0,1,0,1,0,1,0,1,0,1,0,1,0,1,0,1,0,1,0,1,0,1,0,1
2021/10/3,0.0,0,0,1,0.0,0,0,1,0,1,0.0,0,0,1,0,1,0,1,0,1,0.0,0,1,0,1,0,1,0.0,0,0,1,0.0,0,0,1,0,1,0,1,0,1,0,1,0,1,0.0,0.0,0,0,1,0,1,0,1,0,1,0,1,0,1,0,1,0,1,0,1,0,1,0,1,0,1,0,1,0,1,0,1,0,1,0,1,0,1,0,1,0,1,0,1,0,1
2021/10/4,0.0,0,0,1,0,1,0,1,0,1,0,1,0,1,0,1,0,1,0,1,0.0,0,1,0,1,0,1,0.0,0,0,1,0,1,0,1,0,1,0.0,0,0,1,0,1,0,1,0.0,0.0,0,0,1,0,1,0,1,0,1,0,1,0,1,0,1,0,1,0,1,0,1,0,1,0,1,0,1,0.0,0,0,1,0,1,0,1,0,1,0,1,0,1,0,1,0.0,0
2021/10/5,3.5,0,45.0,0,8.0,0,20.0,0,0,1,0.0,0,0,1,0,1,0,1,0,1,0.0,0,1,0,1,0,1,0,1,0,1,0.5,0,0,1,0,1,0,1,0,1,0,1,0,1,0.0,0,1,0,1,0,1,0,1,0,1,0,1,0,1,0,1,0,1,0,1,0,1,0,1,0,1,0,1,0.0,0,0,1,0,1,0,1,0,1,0,1,0,1,0,1,0.0,0
2021/10/6,5.5,0,4.0,0,0.0,0,0.5,0,0.5,0,0.0,0,0.0,0,0.0,0,0,1,0.0,0,0.0,0.0,0,4.0,0,0.5,0,0.0,0,0.0,0,13.5,0,0.0,0,8.5,0,0.0,0,0,1,10.0,0,0.0,0,0.0,0,1,0,1,0,1,0,1,0,1,0,1,0.5,0,0,1,0.5,0,0,1,0,1,0,1,0,1,0,1,0,1,0,1,0,1,0,1,0,1,0.0,0,0,1,0,1,11.5,0
2021/10/7,0.0,0,12.5,0,0.0,0,0.0,0,0,1,0.0,0,0.0,0,0.5,0,0.0,0,0.0,0,0.0,0.0,0,0.0,0,0.0,0,0.0,0,0,1,0,1,16.5,0,0,1,1.5,0,0.0,0,0,1,0,1,0.0,5.5,0,0,1,0,1,0,1,0,1,0.0,0,0,1,0,1,0,1,0,1,0,1,0,1,0,1,0,1,0,1,0,1,0,1,0,1,0,1,0,1,0.0,0,0,1,35.5,0
2021/10/8,0.0,0,15.0,0,12.0,0,6.5,0,0.0,0,0.0,0,0.0,0,0.0,0,0.5,0,0.0,0,0.0,0.0,0,0,1,0,1,0.0,0,0.0,0,0.0,0,0,1,0.0,0,0,1,0,1,0,1,0.0,0,0.0,0,1,0.0,0,0,1,0,1,0,1,0.0,0,0,1,0,1,0,1,0,1,0,1,0,1,0,1,0,1,0.0,0,0,1,0.0,0,0,1,0,1,0.0,0,0.5,0,0.5,0,0.0,0
2021/10/9,0,1,0,1,0.0,0,0,1,2.5,0,8.0,0,2.5,0,0.0,0,0,1,3.0,0,0.0,0.0,0,0.0,0,0.0,0,0.0,0,0,1,0.0,0,0,1,0.0,0,0.0,0,0,1,0.0,0,0,1,0.0,1.0,0,0,1,0,1,0,1,0,1,0,1,0.0,0,0,1,0,1,0,1,0,1,0,1,0,1,0,1,0,1,0,1,0,1,0,1,0,1,0,1,5.0,0,0,1,1.0,0
2021/10/10,0.5,0,0,1,0,1,0.0,0,0.0,0,0,1,0,1,0.0,0,0.0,0,0.0,0,0.0,0.0,0,0.0,0,0,1,2.5,0,0,1,0,1,0.0,0,0,1,0.0,0,0.0,0,0,1,0,1,0.0,9.0,0,0,1,0,1,0,1,0,1,0.0,0,0,1,0,1,0,1,0,1,0,1,0,1,0,1,0.0,0,0.0,0,0,1,0,1,0,1,0,1,0,1,28.0,0,0,1,3.0,0
2021/10/11,13.5,0,18.5,0,24.0,0,3.0,0,0.0,0,0.0,0,0.0,0,0,1,0,1,0,1,0.0,0,1,0,1,0,1,0,1,0,1,2.0,0,0.0,0,0.5,0,0.0,0,0.0,0,0.0,0,0.0,0,0.0,0.0,0,0,1,0.0,0,0.0,0,0.0,0,0.0,0,0.5,0,0.0,0,0.0,0,0.5,0,0,1,1.5,0,5.0,0,5.5,0,38.0,0,0.0,0,25.5,0,0,1,0.0,0,0.0,0,24.5,0,0.5,0,4.0,0
2021/10/12,0,1,0,1,0,1,0.0,0,16.0,0,19.5,0,19.0,0,0.0,0,0,1,0.5,0,1.0,2.5,0,2.0,0,0.5,0,0.0,0,12.5,0,23.5,0,0.0,0,22.5,0,0.0,0,16.5,0,16.0,0,3.5,0,3.0,0,1,3.5,0,0.0,0,1.5,0,1.5,0,4.0,0,0.0,0,0.0,0,1.0,0,2.5,0,1.5,0,0.0,0,0.0,0,0.0,0,0.0,0,0,1,0.0,0,0.0,0,0.0,0,0.0,0,36.5,0,0.0,0,40.0,0
2021/10/13,0,1,0,1,0,1,0.0,0,7.0,0,9.5,0,14.0,0,18.0,0,4.5,0,14.5,0,18.5,10.5,0,18.0,0,15.5,0,3.0,0,10.0,0,4.0,0,33.0,0,22.5,0,6.0,0,7.5,0,12.0,0,7.0,0,0.0,1.5,0,0.0,0,0,1,0.0,0,0,1,0.0,0,0.5,0,0.0,0,3.5,0,0.0,0,0.5,0,0.0,0,0.0,0,0.0,0,0.5,0,0.0,0,2.0,0,0,1,0.0,0,0,1,2.5,0,0.5,0,0.0,0
2021/10/14,0.0,0,0.0,0,0,1,0,1,0,1,0,1,0,1,0.0,0,0.0,0,0.0,0,0.0,0.0,0,0,1,0,1,0.0,0,0.0,0,0,1,0.0,0,0,1,0,1,0,1,0,1,0,1,0.0,0,1,0,1,0,1,0,1,0,1,0,1,0,1,0,1,0.0,0,0,1,0,1,1.0,0,0,1,0.0,0,0.0,0,0,1,0,1,0,1,0,1,0,1,0.0,0,0,1,0.0,0
2021/10/15,2.5,0,2.0,0,1.0,0,1.5,0,0.0,0,0.0,0,0,1,0,1,0,1,0,1,0.0,0,1,0,1,0,1,0,1,0,1,0.0,0,0,1,0.0,0,0,1,0,1,0,1,0,1,0.0,0,1,0,1,0,1,0,1,0,1,0,1,0,1,0,1,0,1,0,1,0,1,0,1,0,1,0,1,0.0,0,0,1,0,1,0,1,0,1,0,1,0,1,0,1,0,1
2021/10/16,3.0,0,5.5,0,22.5,0,16.5,0,15.0,0,15.0,0,15.5,0,0.5,0,0.5,0,3.0,0,0.5,0.5,0,2.0,0,0,1,3.0,0,3.5,0,15.5,0,0.5,0,23.0,0,0.0,0,0.0,0,27.0,0,17.0,0,2.0,0.0,0,13.5,0,0.0,0,20.5,0,2.5,0,1.5,0,18.0,0,3.0,0,15.0,0,4.0,0,0.0,0,4.5,0,1.5,0,0.0,0,1.5,0,21.0,0,0.0,0,0.5,0,0.0,0,2.0,0,0,1,0.0,0,0,1
2021/10/17,0.5,0,4.5,0,16.0,0,0.5,0,2.5,0,3.5,0,7.0,0,18.5,0,26.0,0,14.0,0,6.0,13.5,0,1.0,0,0.0,0,10.0,0,6.5,0,21.0,0,0.0,0,31.0,0,0.0,0,0.0,0,20.0,0,10.5,0,7.5,0.0,0,6.5,0,4.0,0,8.5,0,7.0,0,7.0,0,42.5,0,1.0,0,12.5,0,1.0,0,0.5,0,0.5,0,2.5,0,0.5,0,0.0,0,1.0,0,0.0,0,0.0,0,0.0,0,0.0,0,0.0,0,0.0,0,4.0,0
2021/10/18,0.0,0,0.5,0,6.0,0,0.0,0,0.0,0,0.0,0,0,1,0,1,0,1,0,1,0.0,0,1,0,1,0.0,0,0,1,0,1,1.0,0,0.0,0,0.5,0,0,1,0,1,0,1,0,1,0.0,0,1,0,1,0,1,0.0,0,0,1,0,1,0.0,0,0,1,0.0,0,0,1,0,1,0.0,0,0.0,0,0,1,0,1,0.0,0,0,1,0,1,0,1,0,1,0.0,0,0,1,0.0,0
2021/10/19,6.0,0,0.5,0,3.5,0,0.0,0,1.5,0,0,1,0.0,0,0.0,0,4.0,0,0.0,0,1.5,9.0,0,3.0,0,0.5,0,4.5,0,0.0,0,2.0,0,15.5,0,1.0,0,2.0,0,3.5,0,7.5,0,11.0,0,0.0,5.5,0,1.0,0,3.0,0,1.0,0,1.0,0,1.0,0,18.0,0,2.0,0,9.0,0,0.5,0,0.0,0,0,1,0.0,0,0.0,0,0,1,0.5,0,0,1,0,1,0.0,0,0,1,0.0,0,0.0,0,0.5,0
2021/10/20,26.5,0,6.0,0,28.5,0,4.5,0,5.5,0,3.0,0,6.0,0,1.5,0,2.0,0,1.5,0,0.0,0.0,0,0,1,0.0,0,0.0,0,0.5,0,24.5,0,0,1,20.5,0,1.5,0,0.0,0,9.0,0,18.5,0,0.0,0.0,0,0.0,0,0,1,0.0,0,0.0,0,0.0,0,14.0,0,0.0,0,21.5,0,0.0,0,0.5,0,0.0,0,0,1,0.0,0,0,1,0.5,0,0.0,0,0.0,0,0,1,0,1,0,1,0,1,0.0,0
2021/10/21,35.0,0,8.5,0,5.0,0,0.0,0,0.5,0,0.0,0,1.5,0,0,1,0.0,0,0,1,0.0,0,1,0,1,0,1,0.0,0,0.0,0,3.0,0,0.0,0,0.5,0,0,1,0.0,0,2.5,0,3.0,0,0.0,0,1,0,1,0,1,0,1,0,1,0.0,0,4.0,0,0,1,0.0,0,0.0,0,0.0,0,0.0,0,0.0,0,0.0,0,0.5,0,0.0,0,0.0,0,0.0,0,0.0,0,3.5,0,4.0,0,8.5,0,7.5,0
2021/10/22,0.5,0,0.0,0,1.5,0,0.0,0,0,1,0.0,0,0.0,0,13.5,0,9.0,0,5.5,0,11.5,9.5,0,6.0,0,0.0,0,6.5,0,0.0,0,0.5,0,0.0,0,5.0,0,0.0,0,0.0,0,0,1,0,1,0.0,0.0,0,0.0,0,1.5,0,0.5,0,0.0,0,0.0,0,20.5,0,2.0,0,21.5,0,1.0,0,4.0,0,0.0,0,9.5,0,8.5,0,1.0,0,21.0,0,0.0,0,2.5,0,0.0,0,0.0,0,0.5,0,0.0,0,0.5,0
2021/10/23,11.0,0,3.0,0,8.0,0,0.0,0,6.0,0,1.0,0,1.0,0,0.0,0,0.0,0,0,1,0.0,0.0,0,0.0,0,0,1,0.0,0,0.0,0,2.0,0,0,1,1.0,0,0,1,0,1,0.0,0,1.0,0,0.0,0.0,0,0.0,0,0.0,0,0.0,0,0,1,0.0,0,2.0,0,0.0,0,0.0,0,0,1,0,1,0.0,0,0,1,0.5,0,0,1,0.0,0,0.0,0,0.0,0,0.0,0,0.0,0,0,1,0,1,0,1
2021/10/24,0,1,0.0,0,0.5,0,0.0,0,0.0,0,0,1,0,1,0,1,0,1,0,1,0.0,0,1,0,1,0,1,0,1,0,1,0.0,0,0,1,0,1,0,1,0,1,0,1,0,1,0.0,0.0,0,0,1,0,1,0,1,0,1,0,1,0,1,0,1,0,1,0,1,0.0,0,0,1,0,1,0,1,0,1,0,1,0.0,0,0,1,0.0,0,0.0,0,0.0,0,0.0,0,0.0,0
2021/10/25,0,1,0.0,0,0.0,0,0,1,0,1,0,1,0.0,0,3.0,0,15.0,0,0.0,0,4.0,5.5,0,2.5,0,11.0,0,6.5,0,6.0,0,0.0,0,4.0,0,3.0,0,14.5,0,25.0,0,4.5,0,9.5,0,29.5,31.5,0,25.5,0,32.5,0,35.5,0,29.5,0,27.0,0,11.0,0,21.0,0,0,1,0.0,0,0,1,15.5,0,41.0,0,58.0,0,38.0,0,0,1,2.5,0,0,1,4.5,0,0.0,0,11.5,0,2.5,0,0.0,0
2021/10/26,0.5,0,0.0,0,3.0,0,6.5,0,10.5,0,31.5,0,25.0,0,28.5,0,46.0,0,14.5,0,17.5,30.0,0,10.0,0,4.5,0,23.0,0,15.0,0,7.0,0,3.5,0,2.0,0,2.0,0,12.0,0,1.0,0,0.0,0,0.5,3.0,0,0,1,0,1,0.0,0,0,1,0.0,0,0.5,0,0,1,0.0,0,0,1,0,1,0,1,0,1,0.0,0,0,1,0,1,0,1,0,1,0,1,0,1,0,1,0,1,0,1
2021/10/27,0.0,0,3.5,0,9.5,0,3.5,0,0.0,0,0,1,0,1,0.5,0,3.5,0,0.0,0,0.0,1.0,0,0,1,0,1,2.5,0,0,1,6.0,0,0,1,0,1,0,1,0,1,0.0,0,0,1,0.0,0,1,0,1,0,1,0,1,0,1,0,1,0.0,0,0.0,0,0.0,0,0,1,0,1,0,1,0,1,0,1,0,1,0,1,0,1,0,1,0,1,0,1,0,1,0,1,0,1
2021/10/28,10.0,0,5.5,0,1.5,0,0.0,0,1.5,0,0.0,0,0.0,0,0,1,3.0,0,0,1,0.0,0.5,0,0,1,0,1,5.5,0,0,1,0.0,0,0.0,0,0,1,0,1,0,1,0.0,0,0.0,0,0.0,0,1,0,1,0,1,0,1,0,1,0.0,0,1.0,0,0,1,0.0,0,0,1,0,1,0,1,0,1,0.0,0,0,1,0,1,0,1,0,1,0,1,0,1,0,1,0,1,0.0,0
2021/10/29,17.5,0,0,1,3.0,0,0,1,0.0,0,0,1,0,1,0,1,0,1,0,1,0.0,0,1,0,1,0,1,0,1,1.0,0,1.0,0,0,1,0.0,0,0,1,0,1,0,1,0.0,0,0.0,0,1,0,1,0,1,0,1,0,1,0,1,0.0,0,0,1,0.0,0,0,1,0,1,0,1,0,1,0,1,0,1,0,1,0,1,0,1,0,1,0,1,0,1,0,1,0,1
2021/10/30,0,1,0,1,0,1,0,1,0,1,0,1,0,1,0,1,0,1,0,1,0.0,0,1,0,1,0,1,0,1,0,1,0.0,0,0.0,0,0,1,0,1,0,1,0,1,0,1,0.0,0,1,0,1,0,1,0,1,0,1,0,1,0,1,0,1,0,1,0.5,0,0.0,0,0.0,0,0,1,0,1,0.0,0,0.0,0,4.5,0,0.0,0,0.5,0,4.5,0,6.5,0,8.0,0,0,1
2021/10/31,0.5,0,0.0,0,0.0,0,0.0,0,0,1,0,1,0,1,0.0,0,0.5,0,0.0,0,0.0,2.0,0,0.0,0,1.0,0,0.5,0,0,1,0.0,0,1.5,0,0,1,0.0,0,0.5,0,0,1,0,1,0.5,0.0,0,2.0,0,0.5,0,1.0,0,1.5,0,0.5,0,1.5,0,6.5,0,0.0,0,1.5,0,0.0,0,6.0,0,4.5,0,3.0,0,9.0,0,0,1,3.0,0,0,1,0.0,0,0,1,1.0,0,0.5,0,0,1
2021/11/1,0.0,0,0.0,0,0.0,0,0.0,0,10.5,0,0.0,0,0.0,0,0.5,0,0.5,0,0.0,0,0.0,0.0,0,0.5,0,0.0,0,0.0,0,0,1,0.0,0,0,1,0.0,0,0.0,0,0,1,0.0,0,0.0,0,0.0,0,1,0,1,0,1,0,1,0.0,0,0,1,0.5,0,0,1,0.0,0,0,1,0,1,0.0,0,0,1,0,1,0,1,0,1,0,1,0,1,0,1,0,1,1.0,0,0.0,0,0,1
2021/11/2,12.5,0,4.0,0,4.0,0,13.0,0,1.5,0,0.0,0,0.0,0,0.0,0,0,1,0.0,0,0.0,0,1,0,1,0.0,0,0.0,0,0,1,8.0,0,0,1,0.0,0,0,1,0,1,0.0,0,2.0,0,0.0,0,1,0,1,0.0,0,0,1,0,1,0,1,0.0,0,0,1,0.0,0,0,1,0,1,0,1,0.0,0,0.0,0,0,1,0.0,0,0,1,0,1,0,1,0,1,0,1,0,1,0.0,0
2021/11/3,3.5,0,0.0,0,1.0,0,0.0,0,0.0,0,0,1,0,1,0,1,0,1,0.0,0,0.0,0,1,0,1,0.0,0,0,1,0.0,0,7.5,0,0,1,0.5,0,0,1,0,1,0.0,0,1.0,0,0.0,0,1,0.0,0,0.5,0,0,1,0,1,0,1,0.5,0,3.5,0,0.0,0,0.0,0,0.0,0,0,1,0,1,0.0,0,0,1,0,1,0,1,0.0,0,0,1,0,1,0,1,0,1,0.0,0
2021/11/4,0,1,0.5,0,0.5,0,0,1,0.0,0,0,1,0,1,0,1,0,1,0.0,0,0.0,0,1,0.0,0,0.5,0,0,1,0,1,5.0,0,0,1,0,1,0,1,0,1,0.0,0,5.0,0,0.0,0,1,0,1,0,1,0,1,0,1,0.0,0,0.0,0,1.5,0,0.5,0,0.0,0,1.0,0,1.5,0,2.0,0,2.0,0,0.0,0,0.0,0,0.0,0,0,1,0,1,0,1,0,1,0,1,0.0,0
2021/11/5,0.0,0,0,1,0.0,0,0.0,0,0.0,0,0,1,0.0,0,0,1,0,1,0,1,0.0,0,1,0,1,0,1,0,1,0.0,0,1.0,0,0,1,1.0,0,0,1,0,1,0.0,0,0.0,0,0.0,0,1,0,1,0,1,0.0,0,0,1,0.0,0,3.0,0,0,1,5.0,0,0,1,0,1,0,1,0,1,0,1,0,1,0,1,0.0,0,0,1,0,1,0,1,0,1,0,1,0.0,0
2021/11/6,1.0,0,0,1,0,1,0.0,0,0,1,0,1,0,1,0,1,0,1,0,1,0.0,0,1,0,1,0.0,0,0,1,0,1,0.0,0,0.0,0,0,1,0.0,0,0.0,0,0,1,0,1,0.0,0.0,0,0.0,0,0,1,0,1,0,1,0,1,0,1,0,1,0.0,0,0,1,0,1,0,1,0,1,0,1,0,1,0,1,0.0,0,0,1,5.5,0,4.5,0,14.5,0,19.0,0,31.0,0
2021/11/7,1.0,0,0,1,0,1,0,1,0,1,0,1,0,1,0.0,0,0.0,0,0,1,0.0,1.0,0,0,1,1.5,0,0.0,0,0,1,0,1,2.0,0,0,1,0.0,0,0.0,0,0,1,0,1,0.0,0.0,0,0,1,0,1,0,1,0,1,0,1,0.0,0,0,1,0,1,0,1,0,1,0,1,0,1,0.0,0,0.0,0,0,1,0.0,0,0,1,0,1,0,1,0.0,0,0,1,0.0,0
2021/11/8,1.0,0,0,1,0,1,0,1,0.0,0,1.0,0,0.0,0,2.5,0,0.5,0,1.5,0,2.0,1.5,0,1.0,0,0.0,0,2.0,0,0,1,0,1,0.0,0,0,1,0,1,0,1,0,1,0,1,0.0,0.0,0,0.0,0,4.5,0,0.5,0,2.5,0,0.0,0,7.0,0,20.5,0,26.0,0,40.5,0,37.0,0,24.5,0,20.5,0,20.5,0,78.0,0,7.0,0,10.0,0,6.0,0,8.0,0,9.5,0,30.5,0,2.5,0,11.0,0
2021/11/9,58.0,0,22.0,0,38.0,0,55.5,0,14.5,0,47.5,0,19.5,0,34.5,0,60.5,0,36.0,0,41.0,47.5,0,35.5,0,23.5,0,79.0,0,19.0,0,29.5,0,47.5,0,35.0,0,40.5,0,35.5,0,34.0,0,22.5,0,23.5,33.0,0,13.5,0,32.5,0,27.5,0,11.5,0,24.0,0,14.0,0,4.0,0,6.5,0,0.0,0,3.5,0,1.5,0,2.0,0,29.0,0,0.0,0,10.5,0,0.0,0,0.0,0,0.0,0,2.5,0,0.0,0,1.0,0,0.5,0
2021/11/10,20.0,0,20.5,0,29.0,0,4.5,0,0.0,0,0.0,0,0.5,0,0.5,0,0,1,0.0,0,0.0,0.0,0,0.0,0,0,1,0,1,1.0,0,27.5,0,0,1,8.5,0,0,1,0.0,0,111.0,0,18.5,0,1.5,0.5,0,3.5,0,0.0,0,2.0,0,4.0,0,0.5,0,0.0,0,0.0,0,21.5,0,0.0,0,9.5,0,48.0,0,4.5,0,0,1,0.0,0,47.0,0,0.0,0,2.5,0,18.0,0,6.5,0,0.0,0,25.0,0,0.0,0
2021/11/11,4.5,0,12.0,0,17.0,0,11.0,0,3.5,0,0.0,0,0,1,0,1,0,1,0,1,0.0,0,1,0,1,0,1,0,1,0,1,10.5,0,0,1,11.5,0,0.0,0,0,1,46.0,0,20.5,0,0.0,1.0,0,13.0,0,0.0,0,14.0,0,4.0,0,0.0,0,0.5,0,0.0,0,8.0,0,0.0,0,3.5,0,6.0,0,15.5,0,0.0,0,0.0,0,17.0,0,0.0,0,4.0,0,9.0,0,8.5,0,0.0,0,28.0,0,0,1
2021/11/12,0.0,0,9.0,0,32.0,0,6.0,0,0.0,0,0.0,0,0,1,0,1,0,1,0,1,0.0,0,1,0,1,0,1,0,1,0.0,0,63.5,0,0,1,14.0,0,1.0,0,0.0,0,55.5,0,25.5,0,1.5,0.0,0,4.5,0,0.0,0,1.0,0,4.0,0,0.0,0,1.0,0,0.0,0,5.0,0,0.0,0,2.5,0,1.0,0,4.0,0,0.0,0,0.0,0,6.0,0,0.0,0,0.5,0,0.5,0,3.0,0,0,1,5.5,0,0,1
2021/11/13,0.0,0,2.5,0,2.0,0,0.0,0,0.0,0,0,1,0,1,0,1,0,1,0,1,0.0,0,1,0,1,0,1,0,1,0,1,22.0,0,0,1,0.0,0,0,1,0,1,1.5,0,5.5,0,0.0,0,1,0,1,0,1,0,1,0,1,0,1,0,1,0.0,0,0.0,0,0.0,0,0.0,0,1.5,0,0.0,0,0.0,0,0.0,0,0.0,0,0,1,0.0,0,0.5,0,2.0,0,0,1,1.5,0,1.5,0
2021/11/14,0.0,0,4.0,0,21.0,0,0.5,0,0.0,0,0,1,0,1,0,1,0,1,0,1,0.0,0,1,0,1,0,1,0,1,0,1,2.5,0,0.0,0,0.0,0,0,1,0,1,0.0,0,5.5,0,0.0,0.0,0,0,1,0,1,0,1,0,1,0,1,0.0,0,0.0,0,0.5,0,0,1,0.5,0,0.0,0,0,1,0,1,0,1,0.0,0,0,1,0.5,0,0.0,0,7.0,0,0.0,0,0.5,0,1.0,0
2021/11/15,2.0,0,0.5,0,2.0,0,1.0,0,1.5,0,0.0,0,0.0,0,0,1,0,1,0,1,0.0,0,1,0,1,0,1,0,1,0,1,8.0,0,0,1,0.5,0,0,1,0,1,6.5,0,1.0,0,0.0,0,1,0,1,0,1,0,1,0,1,0,1,0.0,0,0,1,0,1,0.0,0,0,1,0,1,0,1,0,1,0,1,0,1,0,1,0,1,0,1,0.0,0,0,1,0,1,0,1
2021/11/16,0.0,0,0.0,0,0.0,0,0,1,0.0,0,0,1,0.0,0,0.0,0,0.0,0,0,1,0.0,0.0,0,0,1,0,1,0.0,0,0.0,0,0.5,0,0,1,7.5,0,0,1,0,1,1.5,0,0.0,0,0.0,0,1,0,1,0,1,0,1,0,1,0,1,0.5,0,0,1,0.0,0,0,1,0,1,0,1,0,1,0.0,0,0,1,0,1,0,1,0,1,0,1,0,1,0,1,0.0,0,0,1
2021/11/17,0,1,0.0,0,1.5,0,0,1,0.0,0,0,1,0,1,0,1,0,1,0,1,0.0,0,1,0,1,0,1,0,1,0,1,0,1,0.5,0,0,1,0,1,0,1,0,1,0.0,0,0.0,0,1,0,1,0,1,0,1,0,1,0,1,0.0,0,0,1,0,1,0.0,0,0,1,0,1,0,1,0,1,0,1,0,1,0,1,0,1,0,1,0,1,0,1,0,1,0.5,0
2021/11/18,0.0,0,0.5,0,3.5,0,0.0,0,0,1,0,1,0,1,0,1,0,1,0,1,0.0,0,1,0,1,0,1,0,1,0,1,1.5,0,0.0,0,0,1,0,1,0,1,0.0,0,0.0,0,0.0,0,1,0,1,0,1,0,1,0,1,0,1,0,1,0,1,0,1,0,1,0,1,0,1,0,1,0,1,0,1,0,1,0,1,0,1,0,1,0,1,0,1,0.0,0,4.5,0
2021/11/19,7.0,0,9.0,0,4.5,0,0.0,0,0.0,0,0,1,0.0,0,0,1,0,1,0,1,0.0,0,1,0,1,0,1,0,1,0,1,2.5,0,0,1,0.0,0,0,1,0,1,0.0,0,0.0,0,0.0,0,1,0,1,0,1,0,1,0,1,0,1,0,1,0,1,0,1,0,1,0,1,0,1,0,1,0,1,0,1,0,1,0,1,0,1,0,1,0,1,0,1,0.0,0,6.0,0
2021/11/20,0.5,0,0,1,0,1,0,1,0,1,0,1,0,1,0,1,0,1,0,1,0.0,0,1,0,1,0,1,0,1,0.0,0,0,1,0,1,2.0,0,0,1,0,1,0,1,0,1,0.0,0,1,0,1,0,1,0,1,0,1,0,1,0.0,0,0,1,0.0,0,0,1,0,1,0,1,0,1,0,1,0,1,0,1,0,1,0,1,0,1,0,1,0,1,0,1,1.0,0
2021/11/21,0.0,0,0.0,0,0,1,0,1,0,1,0.0,0,0.0,0,3.5,0,7.0,0,2.0,0,7.0,12.5,0,0.0,0,0.0,0,15.0,0,0,1,0,1,0.5,0,0,1,0,1,0.0,0,0,1,0,1,0.0,0.0,0,0,1,0,1,0,1,0,1,0,1,0,1,0,1,0.0,0,0.0,0,1.0,0,0,1,0.0,0,0.0,0,0.0,0,3.0,0,0.0,0,7.0,0,1.5,0,3.5,0,0.0,0,0.5,0,0.0,0
2021/11/22,14.0,0,8.0,0,20.5,0,6.5,0,1.0,0,7.0,0,15.0,0,16.0,0,27.5,0,21.0,0,13.0,24.5,0,4.0,0,10.5,0,28.0,0,15.0,0,11.0,0,37.0,0,24.5,0,26.5,0,33.5,0,59.0,0,44.5,0,24.5,10.5,0,27.0,0,31.5,0,33.5,0,33.0,0,23.5,0,24.0,0,18.5,0,19.0,0,30.0,0,17.5,0,38.0,0,11.0,0,4.0,0,40.0,0,27.5,0,23.5,0,23.5,0,37.0,0,18.0,0,12.0,0,22.0,0,9.5,0
2021/11/23,0.0,0,19.0,0,14.0,0,19.0,0,8.0,0,0.0,0,0.0,0,0.0,0,0,1,0.0,0,0.0,0.0,0,0,1,0,1,0,1,0,1,4.0,0,0,1,12.5,0,0.0,0,0.0,0,11.0,0,30.0,0,0.0,0,1,0,1,0.0,0,0.0,0,0.0,0,0.0,0,9.0,0,0.0,0,0.0,0,0.0,0,0.0,0,0.0,0,0,1,0.0,0,0,1,0.5,0,0.0,0,0.0,0,0.0,0,3.0,0,0,1,0.5,0,0.5,0
2021/11/24,0.5,0,12.5,0,10.5,0,12.5,0,26.5,0,4.5,0,1.0,0,0,1,0,1,0,1,0.0,0,1,0,1,0,1,0,1,0.0,0,30.5,0,0,1,20.5,0,0.0,0,0.0,0,26.0,0,16.0,0,0.0,0,1,0.0,0,0.0,0,0,1,0,1,0,1,2.5,0,0.0,0,0.5,0,0.0,0,0.0,0,0,1,0.0,0,0.0,0,0,1,0.0,0,0.0,0,0.0,0,0.0,0,0.0,0,0,1,1.0,0,0,1
2021/11/25,0.0,0,16.0,0,2.5,0,5.0,0,29.0,0,5.0,0,3.0,0,0,1,0,1,0,1,0.0,0,1,0,1,0,1,0,1,2.0,0,22.0,0,0,1,20.5,0,0.0,0,0,1,24.0,0,15.0,0,0.0,0,1,0.0,0,0.0,0,0.0,0,0.0,0,0,1,0.5,0,0.0,0,2.0,0,0.0,0,0.0,0,0.0,0,0,1,0.0,0,0,1,0.0,0,0,1,0.0,0,0,1,0,1,0,1,0,1,0,1
2021/11/26,0.0,0,13.0,0,1.0,0,1.0,0,5.0,0,0.0,0,0.5,0,0,1,0,1,0,1,0.0,0,1,0,1,0,1,0,1,0.0,0,16.5,0,0,1,17.0,0,1.5,0,0.0,0,16.5,0,5.0,0,0.0,0,1,0,1,0.0,0,0.0,0,0.0,0,0.0,0,9.5,0,0.0,0,0.5,0,0,1,0.0,0,0.0,0,0,1,0,1,0,1,0,1,0,1,0,1,0,1,0,1,0,1,0,1,0.0,0
2021/11/27,25.0,0,5.0,0,14.5,0,0.5,0,8.5,0,0.0,0,2.0,0,0.0,0,0,1,0.0,0,0.0,0,1,0.0,0,0,1,0,1,12.5,0,8.5,0,0,1,10.0,0,0.5,0,0.0,0,11.5,0,17.0,0,3.5,0.0,0,0.0,0,0.5,0,0.0,0,0.0,0,2.5,0,27.5,0,0.0,0,15.0,0,0.5,0,0.0,0,0.0,0,0,1,0.0,0,0.0,0,0,1,0,1,0,1,0,1,0,1,0,1,0,1,2.0,0
2021/11/28,2.5,0,0.0,0,4.5,0,0.0,0,1.0,0,0.0,0,0.0,0,0,1,0,1,0,1,0.0,0,1,0,1,0,1,0,1,0.0,0,0.5,0,0,1,0,1,0,1,0,1,0.5,0,0.0,0,0.5,0,1,0.0,0,0,1,0,1,0,1,0.0,0,0.0,0,0,1,0.0,0,0,1,0,1,0,1,0,1,0,1,0,1,0,1,0,1,0,1,0,1,0,1,0,1,0,1,0.0,0
2021/11/29,0.0,0,2.5,0,0.5,0,0.0,0,0,1,0,1,0,1,0,1,0,1,0.0,0,0.0,0,1,0,1,0,1,0,1,0,1,0,1,0,1,0,1,0,1,0,1,0,1,0,1,0.0,0,1,0,1,0,1,0,1,0,1,0,1,0,1,0,1,0,1,0,1,0,1,0,1,0,1,0,1,0,1,0,1,0,1,0,1,0,1,0,1,0,1,0,1,8.5,0
2021/11/30,0.5,0,1.0,0,0.0,0,0,1,0,1,0,1,0.0,0,0,1,0.5,0,1.0,0,5.0,6.0,0,0.0,0,0.0,0,3.5,0,0,1,0.0,0,2.5,0,0,1,3.5,0,2.5,0,0.0,0,4.0,0,13.0,4.5,0,9.5,0,41.0,0,20.0,0,47.5,0,17.0,0,16.0,0,30.0,0,10.0,0,33.0,0,22.5,0,19.5,0,32.0,0,138.5,0,111.5,0,34.0,0,5.0,0,36.5,0,34.5,0,31.0,0,19.5,0,23.0,0,15.0,0
2021/12/1,12.0,0,9.0,0,13.0,0,27.5,0,13.0,0,27.0,0,30.0,0,58.5,0,55.5,0,40.0,0,54.0,54.5,0,9.0,0,31.5,0,75.5,0,19.0,0,22.0,0,38.5,0,33.0,0,29.0,0,19.0,0,35.0,0,34.0,0,19.5,19.0,0,23.5,0,20.0,0,22.0,0,10.5,0,15.0,0,8.0,0,0.5,0,3.0,0,0.0,0,0.0,0,0.0,0,1.0,0,2.5,0,1.5,0,0.0,0,0.0,0,0.0,0,0.0,0,0.0,0,0.0,0,0.0,0,0.0,0
2021/12/2,8.5,0,5.0,0,5.5,0,3.5,0,6.0,0,1.0,0,2.0,0,0.0,0,0.5,0,0.0,0,0.0,0.0,0,0,1,0,1,0.0,0,0.0,0,2.0,0,0,1,2.0,0,1.0,0,0.0,0,3.0,0,4.5,0,0.0,0,1,0,1,0,1,0,1,0,1,0.0,0,2.5,0,0,1,0.0,0,0.0,0,1.0,0,0,1,0,1,0,1,0,1,0.0,0,0,1,0.0,0,0,1,0.0,0,0,1,0,1,2.5,0
2021/12/3,3.0,0,6.0,0,12.0,0,0.0,0,0.5,0,0,1,0.0,0,0.0,0,0,1,0,1,0.0,0,1,0,1,0,1,0,1,0,1,2.5,0,0.0,0,5.0,0,0,1,0,1,20.5,0,5.0,0,0.0,0.0,0,0.0,0,0.0,0,1.0,0,0.0,0,0.0,0,0.0,0,3.0,0,1.5,0,0.0,0,12.5,0,3.5,0,3.5,0,0,1,0,1,6.0,0,0.0,0,4.0,0,1.5,0,7.0,0,0,1,2.5,0,0.0,0
2021/12/4,0.5,0,19.5,0,12.0,0,1.0,0,7.0,0,0.5,0,0.0,0,0,1,0,1,0,1,0.0,0,1,0,1,0.0,0,0,1,0.0,0,29.0,0,0,1,16.0,0,0.0,0,0.0,0,12.5,0,21.0,0,0.0,0.0,0,0,1,0.0,0,0.0,0,0.0,0,0.0,0,11.0,0,0.0,0,8.0,0,0.0,0,0.0,0,0,1,0.5,0,0.0,0,0.0,0,0.0,0,0.0,0,0.0,0,0,1,0.0,0,0,1,0.0,0,0.0,0
2021/12/5,0.0,0,2.5,0,0.5,0,0.0,0,0.0,0,0.0,0,0.5,0,0,1,0,1,0,1,0.0,0,1,0,1,0,1,0,1,0.0,0,0.0,0,0,1,0.0,0,0,1,0,1,0.0,0,0.0,0,0.0,0.0,0,0,1,0,1,0,1,0.0,0,0.0,0,0.5,0,0,1,0.0,0,0.0,0,0,1,0,1,0,1,0.0,0,0,1,0,1,0,1,0,1,0,1,0,1,0,1,0,1,0.0,0
2021/12/6,0,1,0.0,0,0,1,0.0,0,0.5,0,0.0,0,0.0,0,0,1,0,1,0.0,0,0.0,0.0,0,6.0,0,0.0,0,0.0,0,0.0,0,2.5,0,1.0,0,2.5,0,11.5,0,12.5,0,2.5,0,2.0,0,0.5,9.5,0,0.0,0,0.0,0,0,1,0.0,0,0.0,0,0,1,0,1,0,1,0,1,0,1,0,1,0,1,0,1,0,1,0,1,0,1,0,1,0,1,0,1,0,1,0,1,0.0,0
2021/12/7,0.0,0,0.0,0,0.0,0,0.5,0,9.0,0,2.0,0,12.0,0,14.0,0,27.0,0,10.5,0,6.0,9.5,0,7.5,0,6.5,0,9.5,0,21.5,0,15.5,0,2.0,0,8.5,0,25.0,0,22.0,0,22.5,0,12.5,0,32.0,38.0,0,28.5,0,14.0,0,32.0,0,6.0,0,29.5,0,1.5,0,0,1,14.0,0,0.0,0,1.0,0,0.0,0,0.0,0,0.0,0,0,1,11.5,0,0.0,0,1.0,0,0.0,0,0,1,0,1,0,1,0.0,0
2021/12/8,0,1,0.0,0,0.5,0,0.5,0,12.5,0,13.5,0,25.0,0,43.0,0,43.5,0,26.0,0,34.5,36.5,0,9.5,0,8.0,0,23.5,0,24.5,0,9.0,0,8.0,0,56.0,0,0.0,0,0,1,2.5,0,15.5,0,2.5,0.0,0,2.5,0,0.0,0,0.0,0,0.0,0,4.0,0,0.0,0,0.0,0,0.0,0,0,1,0.0,0,0,1,0.0,0,0,1,0,1,0.0,0,0.0,0,0.0,0,0,1,0,1,0,1,0,1,0,1
2021/12/9,0,1,0,1,0,1,0,1,0,1,0,1,0,1,0.0,0,0.0,0,0.5,0,0.0,0.0,0,0,1,0,1,0.0,0,0.0,0,0,1,0,1,4.0,0,0,1,0,1,0,1,0,1,0.0,0,1,0,1,0,1,0,1,0,1,0,1,0.0,0,0,1,0,1,0,1,0,1,0,1,0,1,0,1,0,1,0,1,0,1,0,1,0,1,0,1,0,1,0,1,0,1
2021/12/10,0,1,0,1,0,1,0,1,0,1,0,1,0,1,0,1,0,1,0,1,0.0,0,1,0,1,0,1,0,1,0,1,0,1,0,1,0,1,0,1,0,1,0,1,0,1,0.0,0,1,0,1,0,1,0,1,0,1,0,1,0.0,0,0.0,0,1.5,0,0,1,0.0,0,0.0,0,0,1,0,1,0,1,0.5,0,0.0,0,0.0,0,0.0,0,0.0,0,0.0,0,1.5,0,0,1
2021/12/11,0.0,0,0.5,0,1.0,0,0.0,0,0.0,0,0,1,0,1,0,1,0,1,0,1,0.0,0,1,0,1,0,1,0,1,0,1,0.5,0,0,1,0.5,0,0,1,0,1,0.0,0,0,1,0.0,0,1,0,1,0,1,0,1,0,1,0,1,0.0,0,0,1,0.0,0,0,1,0,1,0,1,0,1,0,1,0,1,0,1,0,1,0,1,0,1,0,1,0,1,0,1,0,1
2021/12/12,4.0,0,7.5,0,20.0,0,15.5,0,5.0,0,0.0,0,0.0,0,0,1,0,1,0,1,0.0,0,1,0,1,0,1,0,1,0.0,0,11.0,0,0,1,11.0,0,0.0,0,0.0,0,15.0,0,12.0,0,0.0,2.0,0,0.0,0,0.0,0,0.0,0,0.0,0,0.0,0,13.5,0,0,1,2.5,0,0.0,0,0.0,0,0.0,0,0.0,0,0.0,0,0,1,0.0,0,0.0,0,0,1,0.0,0,0,1,0,1,0.0,0,0.0,0
2021/12/13,4.0,0,9.5,0,3.0,0,0.0,0,3.0,0,0.0,0,0.0,0,0,1,0,1,0,1,0.0,0,1,0,1,0,1,0,1,0.0,0,0.0,0,0,1,2.5,0,0.0,0,0.0,0,5.0,0,9.0,0,0.0,0.0,0,0.0,0,0,1,0.0,0,0.5,0,0.0,0,4.0,0,0.0,0,6.0,0,0.0,0,1.0,0,0.0,0,0,1,0,1,0,1,0.0,0,0.0,0,0,1,0,1,0,1,0,1,0,1,0.0,0
2021/12/14,0.0,0,2.0,0,2.0,0,0,1,0.0,0,0.0,0,0,1,6.5,0,3.0,0,0.0,0,2.0,5.5,0,0,1,0,1,5.5,0,0,1,0.0,0,0.0,0,0,1,0,1,0,1,0,1,0,1,0.0,0,1,0,1,0,1,0,1,0,1,0,1,0.0,0,0,1,0.0,0,0,1,0,1,0,1,0,1,0,1,0,1,0,1,0,1,0,1,0,1,0,1,0,1,0,1,0,1
2021/12/15,0.0,0,7.5,0,17.5,0,1.5,0,1.0,0,0.0,0,0.0,0,0,1,0,1,0,1,0.0,0,1,0,1,0,1,0,1,0,1,13.5,0,0,1,2.0,0,0.0,0,0,1,6.0,0,12.5,0,0.0,0,1,0,1,0,1,0,1,0,1,0,1,0.0,0,0,1,2.5,0,0.0,0,0.0,0,0,1,0,1,0,1,0,1,0,1,0,1,0,1,0,1,0,1,0,1,0,1,0,1
2021/12/16,0.0,0,0.5,0,17.0,0,5.5,0,0.0,0,0.0,0,0.0,0,0,1,0,1,0,1,0.0,0,1,0,1,0,1,0,1,0,1,5.5,0,0.0,0,1.5,0,2.0,0,2.5,0,11.0,0,3.5,0,4.0,1.5,0,2.0,0,5.0,0,4.5,0,16.0,0,4.5,0,9.0,0,8.0,0,16.0,0,24.0,0,19.0,0,21.0,0,4.0,0,0.5,0,22.5,0,22.5,0,7.0,0,24.0,0,16.0,0,36.5,0,25.5,0,41.0,0,0,1
2021/12/17,40.5,0,4.5,0,20.0,0,3.0,0,10.0,0,6.5,0,1.0,0,11.5,0,23.0,0,4.5,0,4.5,6.0,0,2.0,0,3.5,0,16.0,0,14.5,0,46.0,0,33.5,0,35.0,0,22.0,0,20.0,0,46.0,0,41.0,0,16.5,16.5,0,19.5,0,14.0,0,15.5,0,11.5,0,17.0,0,34.0,0,8.0,0,7.0,0,1.5,0,6.0,0,5.5,0,8.5,0,4.0,0,4.5,0,0.0,0,0.5,0,0.0,0,2.0,0,0.0,0,0.0,0,1.0,0,0.0,0
2021/12/18,11.5,0,12.0,0,2.5,0,0.0,0,5.0,0,0.5,0,4.0,0,0,1,0,1,0,1,0.0,0,1,0,1,0,1,0,1,6.0,0,1.5,0,0,1,6.0,0,0.0,0,0.0,0,4.0,0,18.5,0,0.0,0.0,0,0,1,2.0,0,0,1,0.0,0,0.5,0,10.0,0,0.0,0,7.0,0,0.0,0,0.0,0,0.0,0,0.0,0,0,1,0.0,0,0.0,0,0,1,0.0,0,0,1,0.0,0,0,1,0,1,0.0,0
2021/12/19,0,1,19.0,0,3.5,0,0.0,0,4.0,0,0.5,0,0.0,0,0,1,0,1,0,1,0.0,0,1,0,1,0,1,0,1,1.5,0,21.0,0,0,1,27.5,0,4.0,0,0.0,0,23.5,0,35.0,0,0.0,0,1,0,1,0.0,0,0,1,0,1,0.0,0,0.5,0,0.0,0,3.0,0,0.0,0,0.0,0,0.0,0,0.0,0,0.0,0,0.0,0,1.5,0,0.0,0,1.0,0,0.0,0,6.5,0,0,1,0.0,0,0.0,0
2021/12/20,0.0,0,7.0,0,9.5,0,5.5,0,3.5,0,0.0,0,0.0,0,0,1,0,1,0,1,0.0,0,1,0,1,0,1,0,1,0.0,0,11.0,0,0,1,,0,0.5,0,0.0,0,5.0,0,12.5,0,0.0,0,1,0,1,0,1,0,1,0,1,0,1,0.0,0,0,1,0.0,0,0.0,0,0.0,0,0,1,0,1,0,1,0,1,0.0,0,0,1,0.0,0,0,1,0,1,0,1,0,1,0.0,0
2021/12/21,3.0,0,6.0,0,13.0,0,13.0,0,8.0,0,0.0,0,1.5,0,0,1,0,1,0,1,0.0,0,1,0,1,0,1,0,1,0,1,7.0,0,0,1,,0,0.0,0,0.0,0,5.0,0,1.5,0,0.0,0,1,0,1,0,1,0,1,0,1,0,1,0.0,0,0.0,0,0.0,0,0.0,0,0.0,0,0.0,0,0,1,0,1,0,1,0.0,0,0,1,0,1,0,1,0,1,0,1,0,1,0.0,0
2021/12/22,1.5,0,2.5,0,0.5,0,0,1,0.5,0,0.0,0,0.0,0,0,1,0,1,0,1,0.0,0,1,0,1,0,1,0,1,0.0,0,0.0,0,0,1,,0,0.0,0,0.0,0,0.5,0,2.5,0,0.0,0.0,0,0.0,0,0,1,0.0,0,0,1,0,1,3.0,0,0.0,0,4.0,0,0.0,0,0.0,0,0,1,0,1,0,1,0,1,0,1,0,1,0,1,0,1,0,1,0,1,0,1,35.5,0
2021/12/23,13.0,0,1.5,0,1.0,0,0,1,0.5,0,0,1,0.0,0,0,1,0,1,0,1,0.0,0,1,0,1,0,1,0.0,0,0,1,1.0,0,0,1,,1,0,1,0,1,1.0,0,0.5,0,0.0,0,1,0,1,0,1,0,1,0,1,0,1,0.0,0,0.0,0,0.0,0,0,1,0,1,0,1,0,1,0,1,0,1,0,1,0,1,0,1,0,1,0,1,0,1,0,1,9.0,0
2021/12/24,0.0,0,13.0,0,2.0,0,2.5,0,1.5,0,0.0,0,0.0,0,0,1,0.5,0,0.0,0,0.0,0.5,0,0.0,0,0.0,0,0.0,0,0.0,0,2.5,0,6.0,0,,,1.5,0,6.0,0,4.5,0,0.0,0,2.5,4.5,0,9.0,0,3.5,0,6.0,0,0.5,0,1.0,0,0.0,0,0.0,0,0.0,0,0.0,0,0.0,0,0.5,0,1.5,0,1.5,0,2.0,0,1.5,0,0.5,0,1.5,0,2.5,0,6.0,0,5.5,0,1.0,0,5.5,0
2021/12/25,0.0,0,9.5,0,8.0,0,0.0,0,5.5,0,1.0,0,0.0,0,1.5,0,7.5,0,0.0,0,1.0,3.5,0,0.0,0,0.5,0,4.5,0,0.0,0,18.5,0,3.0,0,23.0,0,1.0,0,1.0,0,21.5,0,18.5,0,0.5,0.5,0,0.5,0,4.5,0,0.0,0,0.0,0,0.5,0,54.0,0,0.0,0,31.0,0,0.0,0,0.0,0,0,1,0.0,0,0.0,0,0.0,0,0.0,0,0,1,0,1,0,1,0,1,0,1,0,1,0.0,0
2021/12/26,4.0,0,9.0,0,14.0,0,1.5,0,16.0,0,1.0,0,6.0,0,0,1,0,1,0,1,0.0,0.0,0,0,1,0,1,0,1,0.5,0,1.5,0,0,1,,0,0.0,0,0.0,0,5.5,0,20.0,0,0.0,0.0,0,0,1,1.5,0,0,1,0,1,1.0,0,48.5,0,0.0,0,11.5,0,0.0,0,0.0,0,0,1,0.0,0,0.0,0,0,1,0.0,0,0,1,0.0,0,0.0,0,0.0,0,0,1,0.0,0,2.0,0
2021/12/27,2.0,0,49.5,0,5.5,0,2.0,0,9.0,0,1.0,0,15.5,0,0,1,0,1,0,1,0.0,0,1,0,1,0,1,0,1,0.0,0,0.5,0,0,1,,0,11.0,0,2.5,0,10.5,0,35.5,0,0.0,0.0,0,0,1,0,1,0,1,0,1,0.5,0,19.0,0,0,1,3.0,0,0.5,0,0.0,0,0,1,0.0,0,0,1,0,1,0.0,0,0,1,0.0,0,0.0,0,0.0,0,0,1,0.0,0,0.0,0
2021/12/28,0.0,0,18.5,0,2.0,0,0.0,0,5.5,0,1.0,0,5.0,0,0,1,0,1,0,1,0.0,0,1,0,1,0,1,0,1,2.0,0,0.5,0,0,1,,0,0,1,0.0,0,2.0,0,3.5,0,0.0,0.0,0,0.0,0,0.0,0,0.0,0,0.0,0,0.0,0,7.5,0,0,1,0.5,0,0,1,0,1,0,1,0,1,0,1,0,1,0.0,0,0,1,0,1,0,1,0,1,0,1,0,1,0.0,0
2021/12/29,0.5,0,0.5,0,16.5,0,7.0,0,0.0,0,0.0,0,0,1,0,1,0,1,0,1,0.0,0,1,0,1,0,1,0,1,0,1,21.0,0,0,1,,0,0.0,0,0.0,0,16.0,0,0.5,0,0.0,0,1,0.0,0,0.0,0,0.0,0,0.0,0,0.0,0,1.5,0,0.0,0,7.0,0,0.5,0,3.0,0,0.0,0,0.5,0,0.0,0,0.0,0,1.5,0,0.0,0,1.0,0,0.5,0,5.5,0,0.0,0,1.0,0,11.5,0
2021/12/30,0.5,0,2.0,0,3.5,0,1.0,0,6.5,0,2.0,0,1.0,0,0.0,0,0.0,0,0.0,0,0.0,0.0,0,0.0,0,0.0,0,0,1,7.0,0,27.5,0,0.0,0,38.0,0,2.5,0,0.0,0,37.5,0,40.5,0,0.0,0.0,0,0.0,0,0.0,0,0.5,0,0.5,0,0.0,0,4.5,0,0.0,0,2.0,0,0.0,0,0.5,0,0.0,0,0.0,0,0.0,0,0,1,0.0,0,0.0,0,0.0,0,0.0,0,0.0,0,0,1,0.0,0,0.0,0
2021/12/31,0.0,0,6.5,0,1.0,0,0,1,9.5,0,0.0,0,2.5,0,0.0,0,0,1,0.0,0,0.0,0,1,0.0,0,0.0,0,0,1,4.5,0,2.5,0,0.0,0,,0,10.5,0,3.5,0,20.0,0,16.5,0,0.0,0.0,0,0.0,0,0.0,0,0.0,0,0.0,0,3.0,0,42.5,0,0.0,0,6.0,0,2.0,0,1.0,0,0.0,0,0.0,0,0.0,0,0,1,0.0,0,0.0,0,0.0,0,0.0,0,0.0,0,0,1,0.0,0,0.0,0
